Symbol,Description (EN),Name (HE),Type (HE),Exchange,Current,High,Low,Open,Previous Close,Timestamp,Previous Close (from last fetch),Change,Change %,usd-ils
OCGN,OCGN,אוקוג'ן,מניה,NASDAQ NMS - GLOBAL MARKET,1.66,1.69,1.39,1.39,1.39,23/09/2025 23:00:00,1.39,0.27,19.42,3.34508462
NNDM,NNDM,ננו דימנשן,מניה,NASDAQ NMS - GLOBAL MARKET,1.56,1.61,1.48,1.48,1.47,23/09/2025 23:00:00,1.47,0.09,6.12,3.34508462
SRE,SRE,SRE,מניה,"NEW YORK STOCK EXCHANGE, INC.",86.05,86.80,83.71,85.00,82.37,23/09/2025 23:00:00,82.37,3.68,4.47,3.34508462
TSM,TSM,TSMC,מניה,TAIWAN STOCK EXCHANGE,282.71,286.00,280.00,282.40,272.63,23/09/2025 23:00:00,272.63,10.08,3.7,3.34508462
TLRY,TLRY,טילריי,מניה,NASDAQ NMS - GLOBAL MARKET,1.24,1.30,1.18,1.19,1.20,23/09/2025 23:00:00,1.2,0.04,3.33,3.34508462
TEVA,TEVA,טבע,מניה,TEL AVIV STOCK EXCHANGE,19.45,19.89,18.80,18.92,18.87,23/09/2025 23:00:00,18.87,0.58,3.07,3.34508462
CSX,CSX,CSX,מניה,NASDAQ NMS - GLOBAL MARKET,34.07,34.32,33.30,33.35,33.20,23/09/2025 23:00:00,33.2,0.87,2.62,3.34508462
VG,VG,Vonage,מניה,"NEW YORK STOCK EXCHANGE, INC.",14.57,14.79,14.30,14.34,14.22,23/09/2025 23:00:00,14.22,0.35,2.46,3.34508462
ELTK,ELTK,אליטק,מניה,NASDAQ NMS - GLOBAL MARKET,10.71,10.73,10.57,10.59,10.47,23/09/2025 22:59:07,10.47,0.24,2.29,3.34508462
INTC,INTC,אינטל,מניה,NASDAQ NMS - GLOBAL MARKET,29.34,30.20,28.82,28.99,28.76,23/09/2025 23:00:00,28.76,0.58,2.02,3.34508462
BA,BA,בואינג,מניה,"NEW YORK STOCK EXCHANGE, INC.",216.34,219.82,214.01,217.12,212.09,23/09/2025 23:00:00,212.09,4.25,2,3.34508462
EXC,EXC,EXC,מניה,NASDAQ NMS - GLOBAL MARKET,44.23,44.28,43.24,43.24,43.40,23/09/2025 23:00:00,43.4,0.83,1.91,3.34508462
UNH,UNH,יונייטד הלת',מניה,"NEW YORK STOCK EXCHANGE, INC.",347.69,352.70,339.96,341.00,341.30,23/09/2025 23:00:00,341.3,6.39,1.87,3.34508462
PLTR,PLTR,פלטירום,מניה,NASDAQ NMS - GLOBAL MARKET,182.55,185.75,177.01,182.51,179.33,23/09/2025 23:00:00,179.33,3.22,1.8,3.34508462
XOM,XOM,אקסון מוביל,מניה,"NEW YORK STOCK EXCHANGE, INC.",113.95,114.75,112.48,112.72,112.02,23/09/2025 23:00:00,112.02,1.93,1.72,3.34508462
MMM,MMM,3M,מניה,"NEW YORK STOCK EXCHANGE, INC.",156.29,158.14,153.84,153.84,153.86,23/09/2025 23:00:00,153.86,2.43,1.58,3.34508462
PRNT,PRNT,The 3D Printing ETF,מניה,Unknown,23.65,23.83,23.22,23.22,23.29,23/09/2025 23:00:00,23.29,0.36,1.55,3.34508462
TTD,TTD,The Trade Desk,מניה,NASDAQ NMS - GLOBAL MARKET,46.86,47.59,45.88,46.21,46.15,23/09/2025 23:00:00,46.15,0.71,1.54,3.34508462
GE,GE,ג'נרל אלקטריק,מניה,"NEW YORK STOCK EXCHANGE, INC.",305.63,305.78,301.15,301.65,301.02,23/09/2025 23:00:00,301.02,4.61,1.53,3.34508462
GILT,GILT,גילט,מניה,NASDAQ NMS - GLOBAL MARKET,12.02,12.45,11.88,12.00,11.84,23/09/2025 23:00:00,11.84,0.18,1.52,3.34508462
TXN,TXN,טקסס אינסטרומנטס,מניה,NASDAQ NMS - GLOBAL MARKET,182.04,182.67,179.68,179.87,179.62,23/09/2025 23:00:00,179.62,2.42,1.35,3.34508462
LMT,LMT,לוקהיד מרטין,מניה,"NEW YORK STOCK EXCHANGE, INC.",486.67,486.78,479.34,480.90,480.39,23/09/2025 23:00:00,480.39,6.28,1.31,3.34508462
SNDL,SNDL,סנדל,מניה,NASDAQ NMS - GLOBAL MARKET,2.5,2.59,2.44,2.45,2.47,23/09/2025 23:00:00,2.47,0.03,1.21,3.34508462
SILC,SILC,סיליקון מושן,מניה,NASDAQ NMS - GLOBAL MARKET,17.78,18.22,17.58,18.00,17.58,23/09/2025 22:47:25,17.575,0.205,1.17,3.34508462
DASH,DASH,דור דאש,מניה,NASDAQ NMS - GLOBAL MARKET,265.75,267.77,261.00,261.92,262.75,23/09/2025 23:00:00,262.75,3,1.14,3.34508462
EW,EW,אדוארדס,מניה,"NEW YORK STOCK EXCHANGE, INC.",74.57,75.30,73.23,73.70,73.75,23/09/2025 23:00:00,73.75,0.82,1.11,3.34508462
BKNG,BKNG,בוקינג,מניה,NASDAQ NMS - GLOBAL MARKET,5509.02,"5,517.58","5,423.91","5,425.00","5,457.13",23/09/2025 23:00:00,5457.13,51.89,0.95,3.34508462
CVX,CVX,צ'ברון,מניה,"NEW YORK STOCK EXCHANGE, INC.",157.42,159.83,156.99,157.12,156.05,23/09/2025 23:00:00,156.05,1.37,0.88,3.34508462
ORGO,ORGO,אורגו,מניה,NASDAQ NMS - GLOBAL MARKET,4.76,4.89,4.74,4.77,4.72,23/09/2025 23:00:00,4.72,0.04,0.85,3.34508462
ORMP,ORMP,אורמד,מניה,NASDAQ NMS - GLOBAL MARKET,2.49,2.50,2.35,2.46,2.47,23/09/2025 23:00:00,2.47,0.02,0.81,3.34508462
KO,KO,קוקה קולה,מניה,"NEW YORK STOCK EXCHANGE, INC.",66.71,66.76,65.90,66.35,66.21,23/09/2025 23:00:00,66.21,0.5,0.76,3.34508462
ISRG,ISRG,אינטואיטיב סרג'יקל,מניה,NASDAQ NMS - GLOBAL MARKET,447.75,450.99,443.17,444.75,444.55,23/09/2025 23:00:00,444.55,3.2,0.72,3.34508462
NICE,NICE,נאיס,מניה,TEL AVIV STOCK EXCHANGE,148.93,149.84,147.74,147.98,148.00,23/09/2025 23:00:00,148,0.93,0.63,3.34508462
PEP,PEP,פפסי,מניה,NASDAQ NMS - GLOBAL MARKET,141.9,142.23,139.96,141.04,141.03,23/09/2025 23:00:00,141.03,0.87,0.62,3.34508462
F,F,פורד,מניה,"NEW YORK STOCK EXCHANGE, INC.",11.73,11.93,11.70,11.70,11.66,23/09/2025 23:00:00,11.66,0.07,0.6,3.34508462
DE,DE,DE,מניה,"NEW YORK STOCK EXCHANGE, INC.",471.67,474.90,468.23,471.35,469.03,23/09/2025 23:00:00,469.03,2.64,0.56,3.34508462
HCA,HCA,HCA,מניה,"NEW YORK STOCK EXCHANGE, INC.",409.45,413.55,406.09,408.86,407.24,23/09/2025 23:00:00,407.24,2.21,0.54,3.34508462
MDLZ,MDLZ,מונדליז,מניה,NASDAQ NMS - GLOBAL MARKET,63.82,63.87,63.23,63.39,63.50,23/09/2025 23:00:00,63.5,0.32,0.5,3.34508462
SLNO,SLNO,סולנו,מניה,NASDAQ NMS - GLOBAL MARKET,56.85,58.40,55.42,56.74,56.58,23/09/2025 23:00:00,56.58,0.27,0.48,3.34508462
SBUX,SBUX,סטארבקס,מניה,NASDAQ NMS - GLOBAL MARKET,85.69,86.18,84.85,85.15,85.29,23/09/2025 23:00:00,85.29,0.4,0.47,3.34508462
LIN,LIN,LIN,מניה,NASDAQ NMS - GLOBAL MARKET,479.94,482.97,474.65,478.42,477.76,23/09/2025 23:00:00,477.76,2.18,0.46,3.34508462
VZ,VZ,וורייזון,מניה,"NEW YORK STOCK EXCHANGE, INC.",43.35,43.38,42.96,43.16,43.16,23/09/2025 23:00:00,43.16,0.19,0.44,3.34508462
CMCSA,CMCSA,קומקאסט,מניה,NASDAQ NMS - GLOBAL MARKET,31.62,32.18,31.59,31.59,31.49,23/09/2025 23:00:00,31.49,0.13,0.41,3.34508462
PFE,PFE,פייזר,מניה,"NEW YORK STOCK EXCHANGE, INC.",24.13,24.36,24.05,24.10,24.04,23/09/2025 23:00:00,24.04,0.09,0.37,3.34508462
EA,EA,EA,מניה,NASDAQ NMS - GLOBAL MARKET,174.07,175.26,173.22,173.61,173.42,23/09/2025 23:00:00,173.42,0.65,0.37,3.34508462
CME,CME,CME,מניה,NASDAQ NMS - GLOBAL MARKET,261.96,262.62,259.31,261.10,261.08,23/09/2025 23:00:00,261.08,0.88,0.34,3.34508462
IBM,IBM,IBM,מניה,"NEW YORK STOCK EXCHANGE, INC.",272.24,273.30,269.27,272.70,271.37,23/09/2025 23:00:00,271.37,0.87,0.32,3.34508462
BAX,BAX,בקסטר,מניה,"NEW YORK STOCK EXCHANGE, INC.",22.86,23.16,22.75,22.81,22.81,23/09/2025 23:00:00,22.81,0.05,0.22,3.34508462
GD,GD,GD,מניה,"NEW YORK STOCK EXCHANGE, INC.",323.2,325.74,321.12,322.61,322.66,23/09/2025 23:00:00,322.66,0.54,0.17,3.34508462
AMAT,AMAT,אפלייד מטיריאלס,מניה,NASDAQ NMS - GLOBAL MARKET,200.87,204.10,198.80,201.23,200.52,23/09/2025 23:00:00,200.52,0.35,0.17,3.34508462
HON,HON,הנל,מניה,NASDAQ NMS - GLOBAL MARKET,209.31,211.02,208.81,209.44,209.00,23/09/2025 23:00:00,209,0.31,0.15,3.34508462
JPM,JPM,ג'יי פי מורגן,מניה,"NEW YORK STOCK EXCHANGE, INC.",312.74,316.31,310.58,311.82,312.44,23/09/2025 23:00:00,312.44,0.3,0.1,3.34508462
GS,GS,גולדמן סאקס,מניה,"NEW YORK STOCK EXCHANGE, INC.",806.32,825.25,802.00,807.10,805.56,23/09/2025 23:00:00,805.56,0.76,0.09,3.34508462
MCD,MCD,מקדונלד'ס,מניה,"NEW YORK STOCK EXCHANGE, INC.",303.19,304.45,300.32,303.74,302.99,23/09/2025 23:00:00,302.99,0.2,0.07,3.34508462
VIPS,VIPS,ויפשופ,מניה,"NEW YORK STOCK EXCHANGE, INC.",18.25,18.49,18.04,18.19,18.24,23/09/2025 23:00:00,18.24,0.01,0.05,3.34508462
COST,COST,קוסטקו,מניה,NASDAQ NMS - GLOBAL MARKET,943.6,944.99,933.50,942.76,943.26,23/09/2025 23:00:00,943.26,0.34,0.04,3.34508462
AVGO,AVGO,ברודקום,מניה,NASDAQ NMS - GLOBAL MARKET,338.94,345.22,337.02,340.24,338.79,23/09/2025 23:00:00,338.79,0.15,0.04,3.34508462
CHKP,CHKP,צ'ק פוינט,מניה,NASDAQ NMS - GLOBAL MARKET,201.1,207.64,200.08,206.26,201.09,23/09/2025 23:00:00,201.09,0.01,0,3.34508462
IGLD,IGLD,אינטל גולד,מניה,Unknown,23.56,23.68,23.50,23.66,23.56,23/09/2025 23:00:00,23.56,0,0,3.34508462
OPK,OPK,אופקו,מניה,NASDAQ NMS - GLOBAL MARKET,1.44,1.48,1.41,1.44,1.44,23/09/2025 23:00:00,1.44,0,0,3.34508462
IDXG,IDXG,אינדקסג'ן,מניה,OTC MARKETS,0.8203,0.82,0.82,0.82,0.82,22/09/2025 03:00:00,0.8203,0,0,3.34508462
KALY,KALY,קליי,מניה,OTC MARKETS,0.000001,0.00,0.00,0.00,0.00,29/08/2025 03:00:00,0.000001,0,0,3.34508462
SQ,SQ,סקוור,מניה,Unknown,0,0.00,0.00,0.00,0.00,01/01/1970 02:00:00,0,0,0,3.34508462
ISCA,ISCA,איסקאר,מניה,Unknown,0,0.00,0.00,0.00,0.00,01/01/1970 02:00:00,0,0,0,3.34508462
CLIS,CLIS,קליס,מניה,OTC MARKETS,0,0.00,0.00,0.00,0.00,01/01/1970 02:00:00,0,0,0,3.34508462
CTIC,CTIC,סל טק,מניה,Unknown,0,0.00,0.00,0.00,0.00,01/01/1970 02:00:00,0,0,0,3.34508462
TARO,TARO,טארו,מניה,"NEW YORK STOCK EXCHANGE, INC.",0,0.00,0.00,0.00,0.00,01/01/1970 02:00:00,0,0,0,3.34508462
TLRA,TLRA,טלרד,מניה,Unknown,0,0.00,0.00,0.00,0.00,01/01/1970 02:00:00,0,0,0,3.34508462
BURG,BURG,בורג,מניה,Unknown,0,0.00,0.00,0.00,0.00,01/01/1970 02:00:00,0,0,0,3.34508462
CBAY,CBAY,קומביי,מניה,Unknown,0,0.00,0.00,0.00,0.00,01/01/1970 02:00:00,0,0,0,3.34508462
EMKR,EMKR,אמרקור,מניה,NASDAQ NMS - GLOBAL MARKET,0,0.00,0.00,0.00,0.00,01/01/1970 02:00:00,0,0,0,3.34508462
HOMI,HOMI,הומי,מניה,Unknown,0,0.00,0.00,0.00,0.00,01/01/1970 02:00:00,0,0,0,3.34508462
INAP,INAP,אינטרנפ,מניה,Unknown,0,0.00,0.00,0.00,0.00,01/01/1970 02:00:00,0,0,0,3.34508462
INXN,INXN,אינקסן,מניה,Unknown,0,0.00,0.00,0.00,0.00,01/01/1970 02:00:00,0,0,0,3.34508462
ISDR,ISDR,איסדר,מניה,Unknown,0,0,0,0,0,01/01/1970 02:00:00,0,0,0,3.34508462
ITCI,ITCI,איטסי,מניה,NASDAQ NMS - GLOBAL MARKET,0,0.00,0.00,0.00,0.00,01/01/1970 02:00:00,0,0,0,3.34508462
KLFE,KLFE,קלף,מניה,Unknown,0,0.00,0.00,0.00,0.00,01/01/1970 02:00:00,0,0,0,3.34508462
NBRV,NBRV,נברו,מניה,Unknown,0,0.00,0.00,0.00,0.00,01/01/1970 02:00:00,0,0,0,3.34508462
NGMS,NGMS,נג'מס,מניה,Unknown,0,0.00,0.00,0.00,0.00,01/01/1970 02:00:00,0,0,0,3.34508462
OBLN,OBLN,אובלון,מניה,Unknown,0,0.00,0.00,0.00,0.00,01/01/1970 02:00:00,0,0,0,3.34508462
OBSV,OBSV,אובסבה,מניה,Unknown,0,0.00,0.00,0.00,0.00,01/01/1970 02:00:00,0,0,0,3.34508462
RADA,RADA,רדא,מניה,NASDAQ NMS - GLOBAL MARKET,0,0.00,0.00,0.00,0.00,01/01/1970 02:00:00,0,0,0,3.34508462
SGLB,SGLB,סיגלב,מניה,Unknown,0,0.00,0.00,0.00,0.00,01/01/1970 02:00:00,0,0,0,3.34508462
SPPI,SPPI,ספיפי,מניה,Unknown,0,0.00,0.00,0.00,0.00,01/01/1970 02:00:00,0,0,0,3.34508462
TLGT,TLGT,טלגנט,מניה,Unknown,0,0.00,0.00,0.00,0.00,01/01/1970 02:00:00,0,0,0,3.34508462
TMDI,TMDI,טמדי,מניה,Unknown,0,0.00,0.00,0.00,0.00,01/01/1970 02:00:00,0,0,0,3.34508462
VBLT,VBLT,ויבלט,מניה,Unknown,0,0.00,0.00,0.00,0.00,01/01/1970 02:00:00,0,0,0,3.34508462
SOL,SOL,רניסולה,מניה,"NEW YORK STOCK EXCHANGE, INC.",1.88,1.89,1.87,1.89,1.88,23/09/2025 23:00:00,1.88,0,0,3.34508462
SOLO,SOLO,Electrameccanica Vehicles,מניה,Unknown,0,0.00,0.00,0.00,0.00,01/01/1970 02:00:00,0,0,0,3.34508462
BLUE,BLUE,בלובירד ביו,מניה,NASDAQ NMS - GLOBAL MARKET,0,0.00,0.00,0.00,0.00,01/01/1970 02:00:00,0,0,0,3.34508462
FSR,FSR,פיסקר,מניה,Unknown,0,0.00,0.00,0.00,0.00,01/01/1970 02:00:00,0,0,0,3.34508462
TWTR,TWTR,TWTR,מניה,Unknown,0,0.00,0.00,0.00,0.00,01/01/1970 02:00:00,0,0,0,3.34508462
WISH,WISH,וויש,מניה,Unknown,0,0.00,0.00,0.00,0.00,01/01/1970 02:00:00,0,0,0,3.34508462
XM,XM,Qualtrics,מניה,Unknown,0,0.00,0.00,0.00,0.00,01/01/1970 02:00:00,0,0,0,3.34508462
LULU,LULU,לולולמון,מניה,NASDAQ NMS - GLOBAL MARKET,173.33,176.17,171.58,172.22,173.41,23/09/2025 23:00:00,173.41,-0.08,-0.05,3.34508462
QCOM,QCOM,קוואלקום,מניה,NASDAQ NMS - GLOBAL MARKET,169.53,170.85,168.30,169.82,169.72,23/09/2025 23:00:00,169.72,-0.19,-0.11,3.34508462
BMY,BMY,בריסטול מאיירס,מניה,"NEW YORK STOCK EXCHANGE, INC.",44.91,45.59,44.71,44.92,44.98,23/09/2025 23:00:00,44.98,-0.07,-0.16,3.34508462
DIA,DIA,SPDR דאו ג'ונס,מניה,Unknown,462.87,467.00,462.03,464.22,463.67,23/09/2025 23:00:00,463.67,-0.8,-0.17,3.34508462
CAT,CAT,קטרפילר,מניה,"NEW YORK STOCK EXCHANGE, INC.",471.26,485.34,468.19,473.26,472.10,23/09/2025 23:00:00,472.1,-0.84,-0.18,3.34508462
OKTA,OKTA,אוקטה,מניה,NASDAQ NMS - GLOBAL MARKET,92.2,94.20,91.87,92.40,92.38,23/09/2025 23:00:00,92.38,-0.18,-0.19,3.34508462
LRCX,LRCX,LRCX,מניה,NASDAQ NMS - GLOBAL MARKET,131.93,133.57,129.36,129.75,132.20,23/09/2025 23:00:00,132.2,-0.27,-0.2,3.34508462
LOW,LOW,LOW,מניה,"NEW YORK STOCK EXCHANGE, INC.",259.81,260.78,257.25,259.56,260.39,23/09/2025 23:00:00,260.39,-0.58,-0.22,3.34508462
ADI,ADI,ADI,מניה,NASDAQ NMS - GLOBAL MARKET,246.78,250.36,246.33,248.37,247.34,23/09/2025 23:00:00,247.34,-0.56,-0.23,3.34508462
IWM,IWM,iShares ראסל 2000,מניה,Unknown,243.84,247.18,243.44,245.01,244.39,23/09/2025 23:00:00,244.39,-0.55,-0.23,3.34508462
HD,HD,HD,מניה,"NEW YORK STOCK EXCHANGE, INC.",410.91,413.73,407.46,412.00,412.00,23/09/2025 23:00:00,412,-1.09,-0.26,3.34508462
DIS,DIS,דיסני,מניה,"NEW YORK STOCK EXCHANGE, INC.",112.25,113.62,111.60,112.72,112.56,23/09/2025 23:00:00,112.56,-0.31,-0.28,3.34508462
KARS,KARS,KraneShares Electric Vehicles and Future Mobility Index ETF,מניה,Unknown,29.01,29.30,28.94,29.05,29.09,23/09/2025 23:00:00,29.09,-0.08,-0.28,3.34508462
CSCO,CSCO,סיסקו,מניה,NASDAQ NMS - GLOBAL MARKET,67.54,68.22,67.07,67.58,67.75,23/09/2025 23:00:00,67.75,-0.21,-0.31,3.34508462
GOOGL,GOOGL,גוגל,מניה,NASDAQ NMS - GLOBAL MARKET,251.66,254.36,250.48,253.04,252.53,23/09/2025 23:00:00,252.53,-0.87,-0.34,3.34508462
FUTU,FUTU,פוטו,מניה,NASDAQ NMS - GLOBAL MARKET,167.09,170.20,166.33,169.13,167.72,23/09/2025 23:00:00,167.72,-0.63,-0.38,3.34508462
BLK,BLK,בלק רוק,מניה,"NEW YORK STOCK EXCHANGE, INC.",1131.75,"1,146.26","1,127.41","1,138.50","1,136.21",23/09/2025 23:00:00,1136.21,-4.46,-0.39,3.34508462
INTU,INTU,אינטואיט,מניה,NASDAQ NMS - GLOBAL MARKET,699.18,702.54,694.22,699.80,702.09,23/09/2025 23:00:00,702.09,-2.91,-0.41,3.34508462
BAC,BAC,בנק אוף אמריקה,מניה,"NEW YORK STOCK EXCHANGE, INC.",51.7,52.88,51.52,52.00,51.92,23/09/2025 23:00:00,51.92,-0.22,-0.42,3.34508462
VXRT,VXRT,ווקסרט,מניה,NASDAQ NMS - GLOBAL MARKET,0.3815,0.39,0.34,0.34,0.38,23/09/2025 03:00:00,0.3831,-0.0016,-0.42,3.34508462
T,T,אט&T,מניה,"NEW YORK STOCK EXCHANGE, INC.",28.79,29.01,28.56,28.92,28.92,23/09/2025 23:00:00,28.92,-0.13,-0.45,3.34508462
FRSX,FRSX,פורוס,מניה,TEL AVIV STOCK EXCHANGE,2.23,2.39,2.23,2.24,2.24,23/09/2025 23:00:00,2.24,-0.01,-0.45,3.34508462
BNTX,BNTX,ביונטק,מניה,NASDAQ NMS - GLOBAL MARKET,98.27,98.95,97.87,98.44,98.72,23/09/2025 23:00:00,98.72,-0.45,-0.46,3.34508462
NKE,NKE,נייקי,מניה,"NEW YORK STOCK EXCHANGE, INC.",70.93,72.42,70.73,71.57,71.28,23/09/2025 23:00:00,71.28,-0.35,-0.49,3.34508462
PSI,PSI,Invesco Dynamic Semiconductors ETF,מניה,Unknown,71.23,71.94,70.85,71.68,71.59,23/09/2025 23:00:00,71.59,-0.36,-0.5,3.34508462
MRK,MRK,מרק,מניה,"NEW YORK STOCK EXCHANGE, INC.",79.96,81.11,79.67,80.09,80.40,23/09/2025 23:00:00,80.4,-0.44,-0.55,3.34508462
PYPL,PYPL,פייפאל,מניה,NASDAQ NMS - GLOBAL MARKET,67.31,68.99,67.12,67.81,67.68,23/09/2025 23:00:00,67.68,-0.37,-0.55,3.34508462
DDOG,DDOG,דאטאדוג,מניה,NASDAQ NMS - GLOBAL MARKET,137.49,139.82,136.71,138.69,138.35,23/09/2025 23:00:00,138.35,-0.86,-0.62,3.34508462
ADBE,ADBE,אדובי,מניה,NASDAQ NMS - GLOBAL MARKET,361.78,368.73,361.30,364.18,364.08,23/09/2025 23:00:00,364.08,-2.3,-0.63,3.34508462
AAPL,AAPL,אפל,מניה,NASDAQ NMS - GLOBAL MARKET,254.43,257.34,253.58,255.88,256.08,23/09/2025 23:00:00,256.08,-1.65,-0.64,3.34508462
XNCR,XNCR,אקסינקר,מניה,NASDAQ NMS - GLOBAL MARKET,10.32,10.54,10.25,10.40,10.39,23/09/2025 23:00:00,10.39,-0.07,-0.67,3.34508462
NRXP,NRXP,נירוקס,מניה,NASDAQ NMS - GLOBAL MARKET,2.85,2.94,2.81,2.87,2.87,23/09/2025 23:00:00,2.87,-0.02,-0.7,3.34508462
BABA,BABA,עליבאבא,מניה,"NEW YORK STOCK EXCHANGE, INC.",163.08,167.83,162.80,165.01,164.25,23/09/2025 23:00:00,164.25,-1.17,-0.71,3.34508462
NFLX,NFLX,נטפליקס,מניה,NASDAQ NMS - GLOBAL MARKET,1218.47,"1,227.79","1,208.47","1,227.33","1,227.37",23/09/2025 23:00:00,1227.37,-8.9,-0.73,3.34508462
IMNN,IMNN,אימוניטון,מניה,NASDAQ NMS - GLOBAL MARKET,5.11,5.44,5.11,5.22,5.15,23/09/2025 23:00:00,5.15,-0.04,-0.78,3.34508462
VRTX,VRTX,וורטקס,מניה,NASDAQ NMS - GLOBAL MARKET,379.72,383.50,376.00,381.59,383.13,23/09/2025 23:00:00,383.13,-3.41,-0.89,3.34508462
WFC,WFC,וולס פארגו,מניה,"NEW YORK STOCK EXCHANGE, INC.",84.37,86.66,83.67,85.15,85.16,23/09/2025 23:00:00,85.16,-0.79,-0.93,3.34508462
TXMD,TXMD,תרפיה,מניה,NASDAQ NMS - GLOBAL MARKET,1.07,1.09,1.06,1.06,1.08,23/09/2025 23:00:00,1.08,-0.01,-0.93,3.34508462
BIIB,BIIB,BIIB,מניה,NASDAQ NMS - GLOBAL MARKET,139.31,141.38,138.73,140.27,140.66,23/09/2025 23:00:00,140.66,-1.35,-0.96,3.34508462
ZOM,ZOM,זום,מניה,NYSE MKT LLC,0.0822,0.09,0.08,0.08,0.08,23/09/2025 03:00:00,0.083,-0.0008,-0.96,3.34508462
ALNY,ALNY,אלנילאם,מניה,NASDAQ NMS - GLOBAL MARKET,454.41,457.47,450.50,452.83,458.92,23/09/2025 23:00:00,458.92,-4.51,-0.98,3.34508462
REMX,REMX,VanEck Rare Earth/Strategic Metals ETF,מניה,Unknown,61.16,62.10,60.92,61.75,61.78,23/09/2025 23:00:00,61.78,-0.62,-1,3.34508462
MSFT,MSFT,מיקרוסופט,מניה,NASDAQ NMS - GLOBAL MARKET,509.23,514.59,507.31,513.80,514.45,23/09/2025 23:00:00,514.45,-5.22,-1.01,3.34508462
ZM,ZM,ZM,מניה,NASDAQ NMS - GLOBAL MARKET,82.58,84.02,81.99,83.66,83.53,23/09/2025 23:00:00,83.53,-0.95,-1.14,3.34508462
MRVL,MRVL,MRVL,מניה,NASDAQ NMS - GLOBAL MARKET,74.62,76.35,74.02,75.39,75.53,23/09/2025 23:00:00,75.53,-0.91,-1.2,3.34508462
OSUR,OSUR,אוסיריס,מניה,NASDAQ NMS - GLOBAL MARKET,3.28,3.39,3.25,3.31,3.32,23/09/2025 23:00:00,3.32,-0.04,-1.2,3.34508462
META,META,מטא (פייסבוק),מניה,NASDAQ NMS - GLOBAL MARKET,755.4,770.60,751.07,769.25,765.16,23/09/2025 23:00:00,765.16,-9.76,-1.28,3.34508462
ARKK,ARKK,ARK Innovation ETF,מניה,Unknown,83.58,85.33,83.18,85.17,84.69,23/09/2025 23:00:00,84.69,-1.11,-1.31,3.34508462
TCOM,TCOM,טריפ.קום,מניה,HONG KONG EXCHANGES AND CLEARING LTD,76.71,77.60,76.60,77.09,77.82,23/09/2025 23:00:00,77.82,-1.11,-1.43,3.34508462
NVMI,NVMI,נובומיט,מניה,NASDAQ NMS - GLOBAL MARKET,310.88,316.55,306.78,315.27,315.41,23/09/2025 23:00:00,315.41,-4.53,-1.44,3.34508462
ARKF,ARKF,ARK Fintech Innovation ETF,מניה,Unknown,56.35,57.44,55.95,57.22,57.19,23/09/2025 23:00:00,57.19,-0.84,-1.47,3.34508462
ADP,ADP,ADP,מניה,NASDAQ NMS - GLOBAL MARKET,289.215,293.49,287.31,292.21,293.66,23/09/2025 23:00:00,293.66,-4.445,-1.51,3.34508462
ABNB,ABNB,איירבינבי,מניה,NASDAQ NMS - GLOBAL MARKET,123.5,126.86,123.05,125.44,125.44,23/09/2025 23:00:00,125.44,-1.94,-1.55,3.34508462
MIND,MIND,מינד CTI,מניה,NASDAQ NMS - GLOBAL MARKET,8.73,9.15,8.53,9.01,8.87,23/09/2025 23:00:00,8.87,-0.14,-1.58,3.34508462
UBER,UBER,אובר,מניה,"NEW YORK STOCK EXCHANGE, INC.",97.8,100.18,97.65,99.86,99.39,23/09/2025 23:00:00,99.39,-1.59,-1.6,3.34508462
V,V,ויזה,מניה,"NEW YORK STOCK EXCHANGE, INC.",338.7,345.26,337.63,344.59,344.36,23/09/2025 23:00:00,344.36,-5.66,-1.64,3.34508462
IBEX,IBEX,אייבקס,מניה,NASDAQ NMS - GLOBAL MARKET,41.26,42.08,41.07,41.98,41.96,23/09/2025 23:00:00,41.96,-0.7,-1.67,3.34508462
SPGI,SPGI,S&P גלובל,מניה,"NEW YORK STOCK EXCHANGE, INC.",496.76,507.00,493.06,505.60,505.57,23/09/2025 23:00:00,505.57,-8.81,-1.74,3.34508462
XOS,XOS,Xos,מניה,NASDAQ NMS - GLOBAL MARKET,2.82,3.09,2.82,2.90,2.87,23/09/2025 23:00:00,2.87,-0.05,-1.74,3.34508462
BLNK,BLNK,בלינק צ'רג'ינג,מניה,NASDAQ NMS - GLOBAL MARKET,1.59,1.72,1.57,1.64,1.62,23/09/2025 23:00:00,1.62,-0.03,-1.85,3.34508462
BOSC,BOSC,בוסק,מניה,NASDAQ NMS - GLOBAL MARKET,4.74,4.92,4.70,4.86,4.83,23/09/2025 22:59:54,4.83,-0.09,-1.86,3.34508462
SPCB,SPCB,סופר קומ,מניה,NASDAQ NMS - GLOBAL MARKET,12.54,13.00,12.23,12.90,12.78,23/09/2025 23:00:00,12.78,-0.24,-1.88,3.34508462
DXCM,DXCM,דקסקום,מניה,NASDAQ NMS - GLOBAL MARKET,68.2,69.98,68.03,69.01,69.51,23/09/2025 23:00:00,69.51,-1.31,-1.88,3.34508462
TSLA,TSLA,טסלה,מניה,NASDAQ NMS - GLOBAL MARKET,425.85,440.97,423.72,439.88,434.21,23/09/2025 23:00:00,434.21,-8.36,-1.93,3.34508462
AZN,AZN,אסטרה זנקה,מניה,LONDON STOCK EXCHANGE,75.97,76.86,75.90,76.61,77.50,23/09/2025 23:00:00,77.5,-1.53,-1.97,3.34508462
INCR,INCR,אינקר,מניה,TEL AVIV STOCK EXCHANGE,1.45,1.49,1.45,1.48,1.48,23/09/2025 23:00:00,1.48,-0.03,-2.03,3.34508462
CRM,CRM,סיילספורס,מניה,"NEW YORK STOCK EXCHANGE, INC.",244.56,251.36,244.13,249.74,249.69,23/09/2025 23:00:00,249.69,-5.13,-2.05,3.34508462
ILMN,ILMN,ILMN,מניה,NASDAQ NMS - GLOBAL MARKET,99.37,102.91,98.87,101.34,101.49,23/09/2025 23:00:00,101.49,-2.12,-2.09,3.34508462
NOW,NOW,NOW,מניה,"NEW YORK STOCK EXCHANGE, INC.",927.67,950.50,926.45,947.56,947.78,23/09/2025 23:00:00,947.78,-20.11,-2.12,3.34508462
CRSP,CRSP,קריספר,מניה,NASDAQ NMS - GLOBAL MARKET,60.76,63.63,60.31,61.63,62.10,23/09/2025 23:00:00,62.1,-1.34,-2.16,3.34508462
NET,NET,קלאודפלייר,מניה,"NEW YORK STOCK EXCHANGE, INC.",223.26,228.34,219.55,228.34,228.28,23/09/2025 23:00:00,228.28,-5.02,-2.2,3.34508462
NVAX,NVAX,נובאווקס,מניה,NASDAQ NMS - GLOBAL MARKET,8.67,9.04,8.66,8.90,8.87,23/09/2025 23:00:00,8.87,-0.2,-2.25,3.34508462
FSLY,FSLY,פאסטלי,מניה,"NEW YORK STOCK EXCHANGE, INC.",8.56,9.08,8.49,8.79,8.76,23/09/2025 23:00:00,8.76,-0.2,-2.28,3.34508462
MAXN,MAXN,Maxeon Solar Technologies,מניה,NASDAQ NMS - GLOBAL MARKET,3.76,3.94,3.70,3.85,3.85,23/09/2025 23:00:00,3.85,-0.09,-2.34,3.34508462
LYFT,LYFT,ליפט,מניה,NASDAQ NMS - GLOBAL MARKET,22.08,23.11,22.05,22.64,22.63,23/09/2025 23:00:00,22.63,-0.55,-2.43,3.34508462
MA,MA,מאסטרקארד,מניה,"NEW YORK STOCK EXCHANGE, INC.",569.97,586.86,568.25,585.45,584.49,23/09/2025 23:00:00,584.49,-14.52,-2.48,3.34508462
BZ,BZ,Kanzhun,מניה,NASDAQ NMS - GLOBAL MARKET,23.17,23.75,23.06,23.75,23.76,23/09/2025 23:00:00,23.76,-0.59,-2.48,3.34508462
ESTC,ESTC,אלסטיק,מניה,"NEW YORK STOCK EXCHANGE, INC.",86.81,89.67,85.00,89.15,89.06,23/09/2025 23:00:00,89.06,-2.25,-2.53,3.34508462
LTRX,LTRX,לטרקס,מניה,NASDAQ NMS - GLOBAL MARKET,4.79,5.00,4.73,4.96,4.92,23/09/2025 23:00:00,4.92,-0.13,-2.64,3.34508462
SPOT,SPOT,ספוטיפיי,מניה,"NEW YORK STOCK EXCHANGE, INC.",718.94,740.00,716.85,736.14,738.53,23/09/2025 23:00:00,738.53,-19.59,-2.65,3.34508462
NVDA,NVDA,נבידיה,מניה,NASDAQ NMS - GLOBAL MARKET,178.43,182.42,176.21,181.97,183.61,23/09/2025 23:00:00,183.61,-5.18,-2.82,3.34508462
CSIQ,CSIQ,קנדיין סולר,מניה,NASDAQ NMS - GLOBAL MARKET,12.37,13.20,12.26,12.89,12.73,23/09/2025 23:00:00,12.73,-0.36,-2.83,3.34508462
JD,JD,JD.com,מניה,HONG KONG EXCHANGES AND CLEARING LTD,32.94,34.15,32.92,33.41,33.93,23/09/2025 23:00:00,33.93,-0.99,-2.92,3.34508462
MBLY,MBLY,מובילאיי,מניה,NASDAQ NMS - GLOBAL MARKET,14.19,14.85,14.14,14.68,14.62,23/09/2025 23:00:00,14.62,-0.43,-2.94,3.34508462
CNRG,CNRG,SPDR Kensho Clean Power ETF,מניה,Unknown,81.6482,84.67,81.59,84.49,84.20,23/09/2025 23:00:00,84.1986,-2.5504,-3.03,3.34508462
AMZN,AMZN,אמזון,מניה,NASDAQ NMS - GLOBAL MARKET,220.71,227.86,220.07,227.83,227.63,23/09/2025 23:00:00,227.63,-6.92,-3.04,3.34508462
BEKE,BEKE,קהה,מניה,HONG KONG EXCHANGES AND CLEARING LTD,18.73,19.29,18.73,19.22,19.34,23/09/2025 23:00:00,19.34,-0.61,-3.15,3.34508462
CRNT,CRNT,קורנט,מניה,NASDAQ NMS - GLOBAL MARKET,2.39,2.48,2.37,2.48,2.47,23/09/2025 23:00:00,2.47,-0.08,-3.24,3.34508462
CELZ,CELZ,קרלז,מניה,NASDAQ NMS - GLOBAL MARKET,3.365,3.51,3.31,3.45,3.48,23/09/2025 22:53:57,3.48,-0.115,-3.3,3.34508462
BLRX,BLRX,ביוליין,מניה,TEL AVIV STOCK EXCHANGE,3.74,3.89,3.72,3.89,3.87,23/09/2025 23:00:00,3.87,-0.13,-3.36,3.34508462
OPCH,OPCH,אופצ'ו,מניה,NASDAQ NMS - GLOBAL MARKET,27.7,28.91,27.61,28.74,28.67,23/09/2025 23:00:00,28.67,-0.97,-3.38,3.34508462
WIX,WIX,וויקס,מניה,NASDAQ NMS - GLOBAL MARKET,177.93,185.99,175.79,185.99,184.24,23/09/2025 23:00:00,184.24,-6.31,-3.42,3.34508462
TAN,TAN,Invesco Solar ETF,מניה,Unknown,42.37,43.98,42.22,43.98,43.89,23/09/2025 23:00:00,43.89,-1.52,-3.46,3.34508462
MARA,MARA,מראתון דיגיטל,מניה,NASDAQ NMS - GLOBAL MARKET,17.71,19.17,17.63,18.64,18.35,23/09/2025 23:00:00,18.35,-0.64,-3.49,3.34508462
COIN,COIN,קוינבייס,מניה,NASDAQ NMS - GLOBAL MARKET,320.07,335.68,317.70,333.38,331.95,23/09/2025 23:00:00,331.95,-11.88,-3.58,3.34508462
PTON,PTON,פלטון,מניה,NASDAQ NMS - GLOBAL MARKET,8.03,8.50,7.97,8.34,8.33,23/09/2025 23:00:00,8.33,-0.3,-3.6,3.34508462
TMDX,TMDX,טמדקס,מניה,NASDAQ NMS - GLOBAL MARKET,120.53,128.74,119.81,127.01,125.15,23/09/2025 23:00:00,125.15,-4.62,-3.69,3.34508462
REKR,REKR,רקרוט,מניה,NASDAQ NMS - GLOBAL MARKET,1.82,1.98,1.80,1.92,1.89,23/09/2025 23:00:00,1.89,-0.07,-3.7,3.34508462
SRPT,SRPT,סארפטה,מניה,NASDAQ NMS - GLOBAL MARKET,17.93,19.05,17.88,18.72,18.65,23/09/2025 23:00:00,18.65,-0.72,-3.86,3.34508462
UPST,UPST,אפסטארט,מניה,NASDAQ NMS - GLOBAL MARKET,62.38,66.51,62.23,65.08,64.90,23/09/2025 23:00:00,64.9,-2.52,-3.88,3.34508462
SIMO,SIMO,סיליקון מושן,מניה,NASDAQ NMS - GLOBAL MARKET,91.35,97.70,90.00,95.22,95.06,23/09/2025 23:00:00,95.06,-3.71,-3.9,3.34508462
SE,SE,Sea Limited,מניה,"NEW YORK STOCK EXCHANGE, INC.",185.25,192.52,185.01,192.09,192.96,23/09/2025 23:00:00,192.96,-7.71,-4,3.34508462
BILI,BILI,ביליבילי,מניה,NASDAQ NMS - GLOBAL MARKET,25.77,26.33,25.71,26.03,26.85,23/09/2025 23:00:00,26.85,-1.08,-4.02,3.34508462
KLTR,KLTR,קלטורה,מניה,NASDAQ NMS - GLOBAL MARKET,1.6,1.71,1.58,1.67,1.67,23/09/2025 23:00:00,1.67,-0.07,-4.19,3.34508462
ORCL,ORCL,אורקל,מניה,"NEW YORK STOCK EXCHANGE, INC.",313.83,325.00,310.05,324.00,328.15,23/09/2025 23:00:00,328.15,-14.32,-4.36,3.34508462
SPWR,SPWR,סאן פאוור,מניה,NASDAQ NMS - GLOBAL MARKET,1.69,1.82,1.69,1.79,1.77,23/09/2025 23:00:00,1.77,-0.08,-4.52,3.34508462
PLUG,PLUG,פלאג פאוור,מניה,NASDAQ NMS - GLOBAL MARKET,2.53,3.16,2.51,2.93,2.65,23/09/2025 23:00:00,2.65,-0.12,-4.53,3.34508462
SHOP,SHOP,שופיפיי,מניה,"NEW YORK STOCK EXCHANGE, INC.",149.94,157.19,149.10,157.10,157.12,23/09/2025 23:00:00,157.12,-7.18,-4.57,3.34508462
REGN,REGN,רגנרון,מניה,NASDAQ NMS - GLOBAL MARKET,567.89,582.00,565.45,580.00,595.68,23/09/2025 23:00:00,595.68,-27.79,-4.67,3.34508462
MRKR,MRKR,מרקר,מניה,NASDAQ NMS - GLOBAL MARKET,0.8536,0.91,0.85,0.91,0.90,23/09/2025 23:00:00,0.9,-0.0464,-5.16,3.34508462
STRO,STRO,סטרו,מניה,NASDAQ NMS - GLOBAL MARKET,0.8284,0.91,0.83,0.89,0.89,23/09/2025 23:00:00,0.8901,-0.0617,-6.93,3.34508462
PULM,PULM,פולמונקס,מניה,NASDAQ NMS - GLOBAL MARKET,4.51,4.85,4.45,4.85,4.85,23/09/2025 23:00:00,4.85,-0.34,-7.01,3.34508462
BZUN,BZUN,באוזון,מניה,NASDAQ NMS - GLOBAL MARKET,4.04,4.36,4.01,4.31,4.35,23/09/2025 23:00:00,4.35,-0.31,-7.13,3.34508462
BIDU,BIDU,ביידו,מניה,NASDAQ NMS - GLOBAL MARKET,125.57,132.41,124.90,132.41,136.63,23/09/2025 23:00:00,136.63,-11.06,-8.09,3.34508462
CLSD,CLSD,קלסידה,מניה,NASDAQ NMS - GLOBAL MARKET,3.96,4.57,3.96,4.45,4.39,23/09/2025 23:00:00,4.39,-0.43,-9.79,3.34508462
TRVN,TRVN,טרוונה,מניה,OTC MARKETS,0.01,0.01,0.01,0.01,0.25,19/09/2025 03:00:00,0.25,-0.24,-96,3.34508462
SEDG,SEDG,סולאר אדג',מניה,NASDAQ NMS - GLOBAL MARKET,35.93,39.07,35.75,39.00,38.58,23/09/2025 23:00:00,38.575,-2.645,-6.86,3.34508462
NKLA,NKLA,ניקולה,מניה,Unknown,0,0.00,0.00,0.00,0.00,01/01/1970 02:00:00,0,0,0,3.34508462
NTRA,NTRA,נטרה ביו,מניה,NASDAQ NMS - GLOBAL MARKET,172.83,179.65,171.86,179.19,179.19,23/09/2025 23:00:00,179.19,-6.36,-3.55,3.34508462
FTXG,FTXG,First Trust Nasdaq Food & Beverage ETF,מניה,Unknown,21.6096,21.69,21.58,21.68,21.59,23/09/2025 23:00:00,21.585,0.0246,0.11,3.34508462
ICLR,ICLR,איקלר,מניה,NASDAQ NMS - GLOBAL MARKET,170.38,173.01,169.40,170.83,170.80,23/09/2025 23:00:00,170.8,-0.42,-0.25,3.34508462
TEAM,TEAM,אטלסיאן,מניה,NASDAQ NMS - GLOBAL MARKET,165.68,170.52,163.20,169.53,170.63,23/09/2025 23:00:00,170.63,-4.95,-2.9,3.34508462
JKS,JKS,ג'יינקסולר,מניה,"NEW YORK STOCK EXCHANGE, INC.",24.12,25.50,24.07,25.39,25.25,23/09/2025 23:00:00,25.25,-1.13,-4.48,3.34508462
MSCI,MSCI,MSCI,מניה,"NEW YORK STOCK EXCHANGE, INC.",568.94,570.97,565.62,566.00,568.06,23/09/2025 23:00:00,568.06,0.88,0.15,3.34508462
BEEM,BEEM,בימ גלובל,מניה,NASDAQ NMS - GLOBAL MARKET,2.62,3.06,2.62,2.99,2.92,23/09/2025 23:00:00,2.92,-0.3,-10.27,3.34508462
MRNA,MRNA,מודרנה,מניה,NASDAQ NMS - GLOBAL MARKET,25.79,26.97,25.66,26.72,26.56,23/09/2025 23:00:00,26.56,-0.77,-2.9,3.34508462
ROKU,ROKU,רוקו,מניה,NASDAQ NMS - GLOBAL MARKET,99,102.15,97.67,99.52,99.05,23/09/2025 23:00:00,99.05,-0.05,-0.05,3.34508462
BYND,BYND,ביונד מיט,מניה,NASDAQ NMS - GLOBAL MARKET,2.85,2.98,2.83,2.84,2.84,23/09/2025 23:00:00,2.84,0.01,0.35,3.34508462
SPY,SPY,SPDR S&P 500,מניה,Unknown,663.21,667.34,661.98,666.72,666.84,23/09/2025 23:00:00,666.84,-3.63,-0.54,3.34508462
ASML,ASML,ASML,מניה,NYSE EURONEXT - EURONEXT AMSTERDAM,963.51,977.48,956.00,964.41,957.80,23/09/2025 23:00:00,957.8,5.71,0.6,3.34508462
XSD,XSD,SPDR S&P Semiconductor ETF,מניה,Unknown,322.4,325.39,319.68,324.97,323.54,23/09/2025 23:00:00,323.54,-1.14,-0.35,3.34508462
WORK,WORK,סלאק,מניה,Unknown,0,0.00,0.00,0.00,0.00,01/01/1970 02:00:00,0,0,0,3.34508462
ABT,ABT,אבוט,מניה,"NEW YORK STOCK EXCHANGE, INC.",135.89,136.88,135.04,136.28,136.62,23/09/2025 23:00:00,136.62,-0.73,-0.53,3.34508462
ARM,ARM,ARM,מניה,NASDAQ NMS - GLOBAL MARKET,140.99,146.16,140.28,145.41,144.48,23/09/2025 23:00:00,144.48,-3.49,-2.42,3.34508462
ARKX,ARKX,ARK Space Exploration & Innovation ETF,מניה,Unknown,28.36,28.57,27.95,28.01,27.99,23/09/2025 23:00:00,27.99,0.37,1.32,3.34508462
LLY,LLY,אלי לילי,מניה,"NEW YORK STOCK EXCHANGE, INC.",746.98,753.00,743.17,750.57,754.95,23/09/2025 23:00:00,754.95,-7.97,-1.06,3.34508462
ICLN,ICLN,iShares Global Clean Energy ETF,מניה,Unknown,15.19,15.40,15.15,15.37,15.36,23/09/2025 23:00:00,15.36,-0.17,-1.11,3.34508462
ON,ON,ON סמיקונדקטור,מניה,NASDAQ NMS - GLOBAL MARKET,50.42,52.82,50.37,51.88,51.50,23/09/2025 23:00:00,51.5,-1.08,-2.1,3.34508462
NVO,NVO,נובו נורדיסק,מניה,OMX NORDIC EXCHANGE COPENHAGEN A/S,59.54,60.33,59.08,60.30,60.71,23/09/2025 23:00:00,60.71,-1.17,-1.93,3.34508462
CLSK,CLSK,קלינסיס,מניה,NASDAQ NMS - GLOBAL MARKET,13.91,15.19,13.76,14.74,13.74,23/09/2025 23:00:00,13.74,0.17,1.24,3.34508462
RUN,RUN,סאן-ראן,מניה,NASDAQ NMS - GLOBAL MARKET,16.45,17.95,16.37,17.77,17.61,23/09/2025 23:00:00,17.61,-1.16,-6.59,3.34508462
SOFI,SOFI,סופי,מניה,NASDAQ NMS - GLOBAL MARKET,29.09,30.14,28.85,29.81,29.81,23/09/2025 23:00:00,29.81,-0.72,-2.42,3.34508462
OPEN,OPEN,אופנדור,מניה,NASDAQ NMS - GLOBAL MARKET,7.09,8.10,6.91,7.96,8.38,23/09/2025 23:00:00,8.38,-1.29,-15.39,3.34508462
USB,USB,USB,מניה,"NEW YORK STOCK EXCHANGE, INC.",49.35,50.22,49.10,49.46,49.49,23/09/2025 23:00:00,49.49,-0.14,-0.28,3.34508462
SGMO,SGMO,סנגמו,מניה,NASDAQ NMS - GLOBAL MARKET,0.5273,0.56,0.53,0.56,0.55,23/09/2025 23:00:00,0.551,-0.0237,-4.3,3.34508462
GOEV,GOEV,Canoo,מניה,Unknown,0,0.00,0.00,0.00,0.00,01/01/1970 02:00:00,0,0,0,3.34508462
SOHU,SOHU,סוהו,מניה,NASDAQ NMS - GLOBAL MARKET,15.25,15.84,15.23,15.84,15.71,23/09/2025 23:00:00,15.705,-0.455,-2.9,3.34508462
DRIV,DRIV,Global X Autonomous & Electric Vehicles ETF,מניה,Unknown,28.05,28.48,27.91,28.25,28.35,23/09/2025 23:00:00,28.35,-0.3,-1.06,3.34508462
Pinterest,Pinterest,פינטרסט,מניה,Unknown,0,0.00,0.00,0.00,0.00,01/01/1970 02:00:00,0,0,0,3.34508462
AMGN,AMGN,אמג'ן,מניה,NASDAQ NMS - GLOBAL MARKET,286.81,287.26,283.96,283.96,286.00,23/09/2025 23:00:00,286,0.81,0.28,3.34508462
BioNTech,BioNTech,BioNTech,מניה,Unknown,0,0.00,0.00,0.00,0.00,01/01/1970 02:00:00,0,0,0,3.34508462
BSX,BSX,בוסטון סיינטיפיק,מניה,"NEW YORK STOCK EXCHANGE, INC.",97.69,98.30,96.02,96.17,97.03,23/09/2025 23:00:00,97.03,0.66,0.68,3.34508462
TRV,TRV,TRV,מניה,"NEW YORK STOCK EXCHANGE, INC.",276.26,279.08,274.24,275.56,276.11,23/09/2025 23:00:00,276.11,0.15,0.05,3.34508462
SGEN,SGEN,סיגן,מניה,Unknown,0,0.00,0.00,0.00,0.00,01/01/1970 02:00:00,0,0,0,3.34508462
Moderna,Moderna,Moderna,מניה,Unknown,0,0.00,0.00,0.00,0.00,01/01/1970 02:00:00,0,0,0,3.34508462
BE,BE,Bloom Energy,מניה,"NEW YORK STOCK EXCHANGE, INC.",77.38,86.00,75.60,82.00,86.27,23/09/2025 23:00:00,86.27,-8.89,-10.3,3.34508462
FCEL,FCEL,פואל סל,מניה,NASDAQ NMS - GLOBAL MARKET,9.08,10.17,8.86,9.79,9.60,23/09/2025 23:00:00,9.6,-0.52,-5.42,3.34508462
CHPT,CHPT,צ'רג'פוינט,מניה,"NEW YORK STOCK EXCHANGE, INC.",10.88,11.70,10.72,11.00,10.98,23/09/2025 23:00:00,10.98,-0.1,-0.91,3.34508462
XPEV,XPEV,XPeng,מניה,"NEW YORK STOCK EXCHANGE, INC.",21.19,21.79,21.19,21.55,21.36,23/09/2025 23:00:00,21.36,-0.17,-0.8,3.34508462
ZI,ZI,זומבו אינפו,מניה,NASDAQ NMS - GLOBAL MARKET,11.91,12.19,11.82,12.00,11.97,23/09/2025 03:00:00,11.97,-0.06,-0.5,3.34508462
CLNE,CLNE,קלין אנרג'י,מניה,NASDAQ NMS - GLOBAL MARKET,2.66,2.75,2.64,2.66,2.65,23/09/2025 23:00:00,2.65,0.01,0.38,3.34508462
PBW,PBW,Invesco WilderHill Clean Energy ETF,מניה,Unknown,28.46,29.60,28.43,29.36,29.19,23/09/2025 23:00:00,29.19,-0.73,-2.5,3.34508462
CATH,CATH,Global X S&P 500 Catholic Values ETF,מניה,Unknown,80.886,81.42,80.75,81.42,81.32,23/09/2025 23:00:00,81.32,-0.434,-0.53,3.34508462
KERX,KERX,קריוס,מניה,Unknown,0,0.00,0.00,0.00,0.00,01/01/1970 02:00:00,0,0,0,3.34508462
BLDP,BLDP,בלרד פאוור,מניה,TORONTO STOCK EXCHANGE,2.92,3.17,2.90,3.13,2.88,23/09/2025 23:00:00,2.88,0.04,1.39,3.34508462
SNOW,SNOW,סנואופלייק,מניה,"NEW YORK STOCK EXCHANGE, INC.",223.54,231.49,222.88,230.16,229.54,23/09/2025 23:00:00,229.54,-6,-2.61,3.34508462
AYX,AYX,אלרי,מניה,Unknown,0,0.00,0.00,0.00,0.00,01/01/1970 02:00:00,0,0,0,3.34508462
EDIT,EDIT,אדיטס מדיסין,מניה,NASDAQ NMS - GLOBAL MARKET,3.01,3.14,2.97,3.02,3.00,23/09/2025 23:00:00,3,0.01,0.33,3.34508462
SYK,SYK,SYK,מניה,"NEW YORK STOCK EXCHANGE, INC.",373.52,378.69,372.08,376.67,378.22,23/09/2025 23:00:00,378.22,-4.7,-1.24,3.34508462
MDT,MDT,מדטרוניק,מניה,"NEW YORK STOCK EXCHANGE, INC.",94.96,95.66,94.17,94.52,94.62,23/09/2025 23:00:00,94.62,0.34,0.36,3.34508462
NTLA,NTLA,אינטליה,מניה,NASDAQ NMS - GLOBAL MARKET,17.08,17.83,16.95,17.54,17.26,23/09/2025 23:00:00,17.26,-0.18,-1.04,3.34508462
SCHW,SCHW,SCHW,מניה,"NEW YORK STOCK EXCHANGE, INC.",93.91,94.93,93.36,94.01,94.43,23/09/2025 23:00:00,94.43,-0.52,-0.55,3.34508462
DAQO,DAQO,DAQO New Energy,מניה,Unknown,0,0.00,0.00,0.00,0.00,01/01/1970 02:00:00,0,0,0,3.34508462
AFRM,AFRM,אפירם,מניה,NASDAQ NMS - GLOBAL MARKET,82.73,89.84,82.54,89.77,90.12,23/09/2025 23:00:00,90.12,-7.39,-8.2,3.34508462
TJX,TJX,TJX,מניה,"NEW YORK STOCK EXCHANGE, INC.",139.72,139.86,138.90,139.45,139.41,23/09/2025 23:00:00,139.41,0.31,0.22,3.34508462
SMCI,SMCI,סופר מיקרו,מניה,NASDAQ NMS - GLOBAL MARKET,46.99,47.70,45.86,47.39,46.87,23/09/2025 23:00:00,46.87,0.12,0.26,3.34508462
ARWR,ARWR,ארובו,מניה,NASDAQ NMS - GLOBAL MARKET,32.5,33.00,31.59,32.06,32.05,23/09/2025 23:00:00,32.05,0.45,1.4,3.34508462
NIO,NIO,ניו,מניה,"NEW YORK STOCK EXCHANGE, INC.",6.93,7.17,6.77,6.90,6.91,23/09/2025 23:00:00,6.91,0.02,0.29,3.34508462
PDD,PDD,פינדודו,מניה,NASDAQ NMS - GLOBAL MARKET,128.52,130.62,127.00,128.20,128.57,23/09/2025 23:00:00,128.57,-0.05,-0.04,3.34508462
UPS,UPS,UPS,מניה,"NEW YORK STOCK EXCHANGE, INC.",84.41,85.73,84.12,84.47,84.23,23/09/2025 23:00:00,84.23,0.18,0.21,3.34508462
APP,APP,אפיאן,מניה,NASDAQ NMS - GLOBAL MARKET,651.18,670.19,637.51,641.00,643.50,23/09/2025 23:00:00,643.5,7.68,1.19,3.34508462
RIDE,RIDE,לורדסטאון מוטורס,מניה,Unknown,0,0.00,0.00,0.00,0.00,01/01/1970 02:00:00,0,0,0,3.34508462
LIT,LIT,Global X Lithium & Battery Tech ETF,מניה,Unknown,53.09,53.90,53.04,53.21,53.10,23/09/2025 23:00:00,53.1,-0.01,-0.02,3.34508462
QQQJ,QQQJ,Invesco NASDAQ Next Gen 100,מניה,Unknown,36.1,36.37,36.07,36.35,36.33,23/09/2025 23:00:00,36.33,-0.23,-0.63,3.34508462
NTES,NTES,נטאיז,מניה,NASDAQ NMS - GLOBAL MARKET,152.94,154.52,152.17,152.43,152.35,23/09/2025 23:00:00,152.35,0.59,0.39,3.34508462
GM,GM,ג'נרל מוטורס,מניה,"NEW YORK STOCK EXCHANGE, INC.",58.58,59.92,58.46,59.05,58.88,23/09/2025 23:00:00,58.88,-0.3,-0.51,3.34508462
CARZ,CARZ,First Trust NASDAQ Global Auto Index Fund,מניה,Unknown,72.8271,73.93,72.37,73.93,73.03,23/09/2025 23:00:00,73.0338,-0.2067,-0.28,3.34508462
RBLX,RBLX,רובלוקס,מניה,"NEW YORK STOCK EXCHANGE, INC.",132.22,137.84,132.20,137.42,136.84,23/09/2025 23:00:00,136.84,-4.62,-3.38,3.34508462
GEN,GEN,ג'נמוטור,מניה,NASDAQ NMS - GLOBAL MARKET,28.95,29.02,28.76,28.92,28.84,23/09/2025 23:00:00,28.84,0.11,0.38,3.34508462
KOD,KOD,קודיאק,מניה,NASDAQ NMS - GLOBAL MARKET,13.72,15.06,12.82,15.00,15.01,23/09/2025 23:00:00,15.01,-1.29,-8.59,3.34508462
INCY,INCY,אינסייט,מניה,NASDAQ NMS - GLOBAL MARKET,84.54,85.83,84.43,84.75,84.73,23/09/2025 23:00:00,84.73,-0.19,-0.22,3.34508462
SI,SI,SI,מניה,"NEW YORK STOCK EXCHANGE, INC.",13.38,14.49,13.36,13.99,14.08,23/09/2025 23:00:00,14.08,-0.7,-4.97,3.34508462
EVGO,EVGO,EVgo,מניה,NASDAQ NMS - GLOBAL MARKET,4.52,4.87,4.49,4.64,4.59,23/09/2025 23:00:00,4.59,-0.07,-1.53,3.34508462
WKHS,WKHS,וורקהורס,מניה,NASDAQ NMS - GLOBAL MARKET,1.13,1.21,1.12,1.15,1.16,23/09/2025 23:00:00,1.16,-0.03,-2.59,3.34508462
MULN,MULN,מולן אוטומוטיב,מניה,Unknown,7.25,8.50,6.53,8.00,8.51,23/09/2025 03:00:00,8.51,-1.26,-14.81,3.34508462
HYZN,HYZN,היזון מוטורס,מניה,NASDAQ NMS - GLOBAL MARKET,0,0.00,0.00,0.00,0.00,01/01/1970 02:00:00,0,0,0,3.34508462
RIOT,RIOT,ריוט בלוקצ'יין,מניה,NASDAQ NMS - GLOBAL MARKET,17.07,18.30,17.00,18.11,17.50,23/09/2025 23:00:00,17.5,-0.43,-2.46,3.34508462
BOTZ,BOTZ,Global X Robotics & AI ETF,מניה,Unknown,35.66,36.07,35.61,35.97,35.96,23/09/2025 23:00:00,35.96,-0.3,-0.83,3.34508462
IQ,IQ,איי-קיויי,מניה,NASDAQ NMS - GLOBAL MARKET,2.65,2.70,2.63,2.66,2.68,23/09/2025 23:00:00,2.68,-0.03,-1.12,3.34508462
UPWK,UPWK,אפוורק,מניה,NASDAQ NMS - GLOBAL MARKET,19.66,20.10,19.48,19.68,19.33,23/09/2025 23:00:00,19.33,0.33,1.71,3.34508462
FSLR,FSLR,פרסט סולר,מניה,NASDAQ NMS - GLOBAL MARKET,215.73,223.49,215.39,220.00,219.20,23/09/2025 23:00:00,219.2,-3.47,-1.58,3.34508462
RIVN,RIVN,ריביאן,מניה,NASDAQ NMS - GLOBAL MARKET,15.53,15.70,14.99,15.25,15.24,23/09/2025 23:00:00,15.24,0.29,1.9,3.34508462
ZTS,ZTS,ZTS,מניה,"NEW YORK STOCK EXCHANGE, INC.",142.61,146.18,141.53,143.25,144.65,23/09/2025 23:00:00,144.65,-2.04,-1.41,3.34508462
IBUY,IBUY,Amplify Online Retail ETF,מניה,Unknown,76.77,78.00,76.76,77.86,77.84,23/09/2025 23:00:00,77.84,-1.07,-1.37,3.34508462
PATH,PATH,UiPath,מניה,"NEW YORK STOCK EXCHANGE, INC.",12.53,13.22,12.49,13.17,13.14,23/09/2025 23:00:00,13.14,-0.61,-4.64,3.34508462
DKNG,DKNG,דרפטקינגס,מניה,NASDAQ NMS - GLOBAL MARKET,43.27,44.22,43.16,43.99,43.84,23/09/2025 23:00:00,43.84,-0.57,-1.3,3.34508462
CRWD,CRWD,קראודסטרייק,מניה,NASDAQ NMS - GLOBAL MARKET,484.1,495.06,481.10,493.14,493.14,23/09/2025 23:00:00,493.14,-9.04,-1.83,3.34508462
ARKW,ARKW,ARK Next Generation Internet ETF,מניה,Unknown,171.04,174.02,169.88,173.64,172.68,23/09/2025 23:00:00,172.68,-1.64,-0.95,3.34508462
ACES,ACES,ALPS Clean Energy ETF,מניה,Unknown,31.6306,32.72,31.60,32.42,32.08,23/09/2025 23:00:00,32.0844,-0.4538,-1.41,3.34508462
ZS,ZS,זומסקאל,מניה,NASDAQ NMS - GLOBAL MARKET,289.29,293.57,287.33,290.97,291.57,23/09/2025 23:00:00,291.57,-2.28,-0.78,3.34508462
PINS,PINS,PINS,מניה,"NEW YORK STOCK EXCHANGE, INC.",35.27,35.72,34.89,35.51,35.31,23/09/2025 23:00:00,35.31,-0.04,-0.11,3.34508462
IDXX,IDXX,IDXX,מניה,NASDAQ NMS - GLOBAL MARKET,648.38,649.47,640.34,640.34,644.10,23/09/2025 23:00:00,644.1,4.28,0.66,3.34508462
ALGN,ALGN,אליין,מניה,NASDAQ NMS - GLOBAL MARKET,129,132.41,128.91,132.40,131.18,23/09/2025 23:00:00,131.18,-2.18,-1.66,3.34508462
QS,QS,QuantumScape,מניה,"NEW YORK STOCK EXCHANGE, INC.",13.53,14.17,13.05,13.43,13.44,23/09/2025 23:00:00,13.44,0.09,0.67,3.34508462
MU,MU,מיקרון,מניה,NASDAQ NMS - GLOBAL MARKET,166.41,168.99,165.23,165.68,164.62,23/09/2025 23:00:00,164.62,1.79,1.09,3.34508462
WBA,WBA,WBA,מניה,NASDAQ NMS - GLOBAL MARKET,11.98,12.11,11.90,11.92,11.92,27/08/2025 03:00:00,11.92,0.06,0.5,3.34508462
QQQ,QQQ,Invesco QQQ,מניה,Unknown,598.2,602.57,596.98,602.37,602.20,23/09/2025 23:00:00,602.2,-4,-0.66,3.34508462
GRID,GRID,First Trust NASDAQ Clean Edge Smart Grid Infrastructure Index Fund,מניה,Unknown,149.83,151.81,149.77,151.63,151.20,23/09/2025 23:00:00,151.2,-1.37,-0.91,3.34508462
BMRN,BMRN,ביומרין,מניה,NASDAQ NMS - GLOBAL MARKET,53.38,53.67,53.00,53.21,53.41,24/09/2025 18:55:24,53.41,-0.03,-0.06,3.34508462
ARKG,ARKG,ARK Genomic Revolution ETF,מניה,Unknown,27.165,27.97,27.14,27.64,27.51,24/09/2025 18:57:05,27.51,-0.345,-1.25,3.34508462
ABBV,ABBV,אביווי,מניה,"NEW YORK STOCK EXCHANGE, INC.",219.8219,222.24,218.54,222.06,222.61,24/09/2025 18:57:08,222.61,-2.7881,-1.25,3.34508462
GILD,GILD,גיליאד,מניה,NASDAQ NMS - GLOBAL MARKET,112.92,114.57,111.96,114.50,114.40,24/09/2025 18:57:05,114.4,-1.48,-1.29,3.34508462
AYRO,AYRO,AYRO,מניה,Unknown,5.53,5.71,5.38,5.38,5.64,23/09/2025 03:00:00,5.64,-0.11,-1.95,3.34508462
IDRV,IDRV,iShares Self-Driving EV and Tech ETF,מניה,Unknown,36.44,36.60,36.42,36.54,36.53,24/09/2025 18:47:48,36.53,-0.09,-0.25,3.34508462
HOOD,HOOD,רובinhood,מניה,NASDAQ NMS - GLOBAL MARKET,128.3,130.07,125.00,126.70,126.20,24/09/2025 18:57:56,126.2,2.1,1.66,3.34508462
BEAM,BEAM,בימ תראפיוטיקס,מניה,NASDAQ NMS - GLOBAL MARKET,24.005,25.09,23.80,23.80,23.73,24/09/2025 18:57:51,23.73,0.275,1.16,3.34508462
ENPH,ENPH,אנפאז אנרג'י,מניה,NASDAQ NMS - GLOBAL MARKET,38.35,38.87,37.53,37.78,37.36,24/09/2025 18:57:56,37.36,0.99,2.65,3.34508462
ETSY,ETSY,אטסי,מניה,NASDAQ NMS - GLOBAL MARKET,63.29,63.78,62.73,63.11,62.64,24/09/2025 18:58:41,62.635,0.655,1.05,3.34508462
ROST,ROST,ROST,מניה,NASDAQ NMS - GLOBAL MARKET,148.925,150.47,146.00,146.03,145.68,24/09/2025 19:00:52,145.68,3.245,2.23,3.34508462
ATVI,ATVI,ATVI,מניה,Unknown,0,0.00,0.00,0.00,0.00,01/01/1970 02:00:00,0,0,0,3.34508462
DOCU,DOCU,DOCU,מניה,NASDAQ NMS - GLOBAL MARKET,84.21,85.84,84.18,85.08,84.82,24/09/2025 19:02:37,84.82,-0.61,-0.72,3.34508462
LCID,LCID,לוסיד,מניה,NASDAQ NMS - GLOBAL MARKET,22.64,23.03,21.91,22.51,22.24,24/09/2025 19:02:39,22.24,0.4,1.8,3.34508462
SUNW,SUNW,סאן וורקס,מניה,Unknown,0,0.00,0.00,0.00,0.00,01/01/1970 02:00:00,0,0,0,3.34508462
AMD,AMD,AMD,מניה,NASDAQ NMS - GLOBAL MARKET,160.21,165.10,159.78,161.48,160.90,24/09/2025 19:04:23,160.9,-0.69,-0.43,3.34508462
NOVA,NOVA,Sunnova Energy International,מניה,"NEW YORK STOCK EXCHANGE, INC.",0.0004,0.00,0.00,0.00,0.00,23/09/2025 03:00:00,0.0003,0.0001,33.33,3.34508462
LI,LI,Li Auto,מניה,HONG KONG EXCHANGES AND CLEARING LTD,25.435,25.80,25.25,25.45,25.03,24/09/2025 19:12:16,25.03,0.405,1.62,3.34508462
EXAS,EXAS,אקסקט סיינסז,מניה,NASDAQ NMS - GLOBAL MARKET,52.0401,52.82,51.75,52.48,52.41,24/09/2025 19:14:03,52.41,-0.3699,-0.71,3.34508462
WPRT,WPRT,Westport Fuel Systems,מניה,TORONTO STOCK EXCHANGE,2.49,2.55,2.41,2.49,2.41,24/09/2025 19:14:39,2.4072,0.0828,3.44,3.34508462
ESLT,ESLT,אלביט מערכות,מניה,TEL AVIV STOCK EXCHANGE,493.99,501.66,492.50,500.60,499.03,24/09/2025 19:16:00,499.03,-5.04,-1.01,3.34508462
WB,WB,ויבו,מניה,HONG KONG EXCHANGES AND CLEARING LTD,12.425,12.57,12.27,12.38,12.02,24/09/2025 19:25:22,12.02,0.405,3.37,3.34508462
EXEL,EXEL,אקסליקסיס,מניה,NASDAQ NMS - GLOBAL MARKET,38.87,39.99,38.56,39.93,39.81,24/09/2025 19:27:10,39.81,-0.94,-2.36,3.34508462
TMO,TMO,TMO,מניה,"NEW YORK STOCK EXCHANGE, INC.",468.85,469.90,462.93,469.90,469.75,24/09/2025 19:55:33,469.75,-0.9,-0.19,3.34508462
SOXX,SOXX,iShares PHLX SOX Semiconductor Sector Index Fund,מניה,Unknown,267.71,270.77,265.61,270.77,269.51,24/09/2025 19:55:59,269.51,-1.8,-0.67,3.34508462
WM,WM,WM,מניה,"NEW YORK STOCK EXCHANGE, INC.",219.65,219.70,216.90,218.23,218.23,24/09/2025 19:57:15,218.23,1.42,0.65,3.34508462
SMAR,SMAR,סמארט שיטס,מניה,"NEW YORK STOCK EXCHANGE, INC.",0,0.00,0.00,0.00,0.00,01/01/1970 02:00:00,0,0,0,3.34508462
SNAP,SNAP,SNAP,מניה,"NEW YORK STOCK EXCHANGE, INC.",8.2101,8.52,8.12,8.52,8.42,24/09/2025 20:03:06,8.42,-0.2099,-2.49,3.34508462
SHPG,SHPG,SHPG,מניה,Unknown,0,0.00,0.00,0.00,0.00,01/01/1970 02:00:00,0,0,0,3.34508462
ALD,ALD,ALD,מניה,Unknown,0,0.00,0.00,0.00,0.00,01/01/1970 02:00:00,0,0,0,3.34508462
ISRS,ISRS,ISRS,מניה,Unknown,0,0.00,0.00,0.00,0.00,01/01/1970 02:00:00,0,0,0,3.34508462
CAMT,CAMT,CAMT,מניה,NASDAQ NMS - GLOBAL MARKET,103.7,106.00,100.77,102.43,105.13,24/09/2025 20:38:48,105.13,-1.43,-1.36,3.34508462