שם מותג,דגם,מחיר בדולר,מחיר בשקלים,מחיר ברופי,דירוג ממוצע,תמיכה ב5G,מותג מעבד,ליבות,מהירות מעבד,קיבולת סוללה,תמיכה בטעינה מהירה,מהירות טעינה (w),קיבולת זכרון,זיכרון פנימי,גודל מסך,קצב רענון מסך,מצלמות אחוריות,מערכת הפעלה,מצלמה אחורית,מצלמה קדמית,תמיכה בזכרון מורחב,רזולוציית גובה MP,רזולוציית רוחב MP
google,Google Pixel 6 Pro,651.6,2334.9,54300.0,8.9,Yes,google,8.0,2.8,5003.0,Yes,30.0,12.0,128.0,6.71,120.0,3.0,android,50.0,11.0,No,3120.0,1440.0
huawei,Huawei Mate Xs 2,1955.88,7008.57,162990.0,8.9,No,snapdragon,8.0,2.84,4600.0,Yes,66.0,8.0,512.0,7.8,120.0,3.0,,50.0,11.0,No,2480.0,2200.0
oneplus,OnePlus 10 Pro 5G,731.988,2622.96,60999.0,8.9,Yes,snapdragon,8.0,3.0,5000.0,Yes,80.0,8.0,128.0,6.7,120.0,3.0,android,50.0,32.0,No,3216.0,1440.0
oneplus,OnePlus 11 5G,659.988,2364.96,54999.0,8.9,Yes,snapdragon,8.0,3.2,5000.0,Yes,100.0,12.0,256.0,6.7,120.0,3.0,android,50.0,16.0,No,3216.0,1440.0
oneplus,OnePlus 9 Pro,777.6,2786.4,64800.0,8.9,Yes,snapdragon,8.0,2.84,4500.0,Yes,65.0,8.0,128.0,6.7,120.0,4.0,android,48.0,16.0,No,3216.0,1440.0
asus,Asus ROG Phone 6 Batman Edition,875.988,3138.96,72999.0,8.8,Yes,dimensity,8.0,3.2,6000.0,Yes,65.0,16.0,256.0,6.78,165.0,3.0,android,50.0,12.0,No,2448.0,1080.0
asus,Asus ROG Phone 6 Pro 5G,1079.988,3869.96,89999.0,8.8,Yes,snapdragon,8.0,3.2,6000.0,Yes,65.0,18.0,512.0,6.78,165.0,3.0,android,50.0,12.0,No,2448.0,1080.0
asus,Asus ROG Phone 5s 5G,479.988,1719.96,39999.0,8.7,Yes,snapdragon,8.0,2.9,6000.0,Yes,65.0,8.0,128.0,6.78,144.0,3.0,android,64.0,24.0,No,2448.0,1080.0
asus,Asus ROG Phone 7,911.88,3267.57,75990.0,8.7,Yes,snapdragon,8.0,3.2,6000.0,Yes,120.0,18.0,256.0,6.8,165.0,3.0,android,64.0,32.0,No,2448.0,1080.0
oneplus,OnePlus 10R 5G (12GB RAM + 256GB),443.988,1590.96,36999.0,8.7,Yes,dimensity,8.0,2.85,5000.0,Yes,80.0,12.0,256.0,6.7,120.0,3.0,android,50.0,16.0,No,2412.0,1080.0
oneplus,OnePlus 10T (12GB RAM + 256GB),611.988,2192.96,50999.0,8.7,Yes,snapdragon,8.0,3.2,4800.0,Yes,150.0,12.0,256.0,6.7,120.0,3.0,android,50.0,16.0,No,2412.0,1080.0
oneplus,OnePlus 10T (16GB RAM + 256GB),671.988,2407.96,55999.0,8.7,Yes,snapdragon,8.0,3.2,4800.0,Yes,150.0,16.0,256.0,6.7,120.0,3.0,android,50.0,16.0,No,2412.0,1080.0
apple,Apple iPhone 13 Pro Max (1TB),2158.8,7735.7,179900.0,8.6,Yes,bionic,6.0,3.22,4352.0,Yes,0.0,6.0,1024.0,6.7,120.0,3.0,ios,12.0,12.0,No,2778.0,1284.0
asus,Asus ROG Phone 6,863.988,3095.96,71999.0,8.6,Yes,snapdragon,8.0,3.2,6000.0,Yes,65.0,12.0,256.0,6.78,165.0,3.0,android,50.0,12.0,No,2448.0,1080.0
asus,Asus ZenFone 9,767.88,2751.57,63990.0,8.6,Yes,snapdragon,8.0,3.2,4300.0,Yes,30.0,8.0,128.0,5.9,120.0,2.0,android,50.0,12.0,No,2400.0,1080.0
google,Google Pixel 7 5G,637.2,2283.3,53100.0,8.6,Yes,google,8.0,2.85,4355.0,Yes,30.0,8.0,128.0,6.3,90.0,2.0,android,50.0,11.0,No,2400.0,1080.0
oneplus,OnePlus 10R 5G,395.988,1418.96,32999.0,8.6,Yes,dimensity,8.0,2.85,5000.0,Yes,80.0,8.0,128.0,6.7,120.0,3.0,android,50.0,16.0,No,2412.0,1080.0
oneplus,OnePlus 9T,539.988,1934.96,44999.0,8.6,Yes,snapdragon,8.0,2.84,4500.0,Yes,65.0,8.0,128.0,6.55,120.0,4.0,android,108.0,16.0,No,2400.0,1080.0
oneplus,OnePlus Ace Pro,575.88,2063.57,47990.0,8.6,Yes,snapdragon,8.0,3.2,4800.0,Yes,150.0,12.0,256.0,6.7,120.0,3.0,android,50.0,16.0,No,2412.0,1080.0
poco,Poco F4 (12GB RAM + 256GB),359.988,1289.96,29999.0,8.6,Yes,snapdragon,8.0,3.2,4500.0,Yes,67.0,12.0,256.0,6.67,120.0,3.0,android,64.0,20.0,No,2400.0,1080.0
poco,POCO F4 GT 5G,479.988,1719.96,39999.0,8.6,Yes,snapdragon,8.0,3.0,4700.0,Yes,120.0,8.0,128.0,6.67,120.0,3.0,android,64.0,20.0,No,2400.0,1080.0
poco,POCO F5 GT 5G,515.988,1848.96,42999.0,8.6,Yes,dimensity,8.0,3.0,4500.0,Yes,150.0,8.0,128.0,6.67,120.0,3.0,android,64.0,20.0,No,2412.0,1080.0
huawei,Huawei Mate 50 Pro 5G,1199.88,4299.57,99990.0,8.5,Yes,kirin,8.0,3.13,4500.0,Yes,66.0,8.0,256.0,6.76,120.0,3.0,other,64.0,13.0,No,3200.0,1440.0
oneplus,OnePlus 10R Prime Edition,424.668,1521.73,35389.0,8.5,Yes,dimensity,8.0,2.85,5000.0,Yes,80.0,8.0,128.0,6.7,120.0,3.0,android,50.0,16.0,No,2412.0,1080.0
oneplus,OnePlus 10T,539.988,1934.96,44999.0,8.5,Yes,snapdragon,8.0,3.2,4800.0,Yes,150.0,8.0,128.0,6.7,120.0,3.0,android,50.0,16.0,No,2412.0,1080.0
oneplus,OnePlus 11R,479.988,1719.96,39999.0,8.5,Yes,snapdragon,8.0,3.2,5000.0,Yes,100.0,8.0,128.0,6.7,120.0,3.0,android,50.0,16.0,No,2412.0,1080.0
oneplus,OnePlus 9RT 5G,515.988,1848.96,42999.0,8.5,Yes,snapdragon,8.0,2.84,4500.0,Yes,0.0,8.0,128.0,6.62,120.0,3.0,android,50.0,16.0,No,2400.0,1080.0
oneplus,OnePlus Nord 2T (12GB RAM + 256GB),406.8,1457.7,33900.0,8.5,Yes,dimensity,8.0,3.0,4500.0,Yes,80.0,12.0,256.0,6.43,90.0,3.0,android,50.0,32.0,No,2400.0,1080.0
oneplus,OnePlus Nord CE 2 Lite 5G (8GB RAM + 256GB),299.988,1074.96,24999.0,8.5,Yes,snapdragon,8.0,2.2,5000.0,Yes,33.0,8.0,256.0,6.59,120.0,3.0,android,64.0,16.0,Yes,2412.0,1080.0
poco,Poco F4 5G (8GB RAM + 128GB),335.988,1203.96,27999.0,8.5,Yes,snapdragon,8.0,3.2,4500.0,Yes,67.0,8.0,128.0,6.67,120.0,3.0,android,64.0,20.0,No,2400.0,1080.0
poco,Poco F5,419.88,1504.57,34990.0,8.5,Yes,snapdragon,8.0,3.2,4700.0,Yes,67.0,8.0,128.0,6.7,120.0,3.0,android,64.0,32.0,No,2400.0,1080.0
poco,POCO X4 GT 5G (8GB RAM + 256GB),347.88,1246.57,28990.0,8.5,Yes,dimensity,8.0,2.85,5080.0,Yes,67.0,8.0,256.0,6.6,144.0,3.0,android,64.0,16.0,No,2460.0,1080.0
apple,Apple iPhone 13 Pro (1TB),1774.8,6359.7,147900.0,8.4,Yes,bionic,6.0,3.22,3095.0,Yes,0.0,6.0,1024.0,6.1,120.0,3.0,ios,12.0,12.0,No,2532.0,1170.0
apple,Apple iPhone 13 Pro Max,1558.8,5585.7,129900.0,8.4,Yes,bionic,6.0,3.22,4352.0,Yes,0.0,6.0,128.0,6.7,120.0,3.0,ios,12.0,12.0,No,2778.0,1284.0
apple,Apple iPhone 13 Pro Max (256GB),1678.8,6015.7,139900.0,8.4,Yes,bionic,6.0,3.22,4352.0,Yes,0.0,6.0,256.0,6.7,120.0,3.0,ios,12.0,12.0,No,2778.0,1284.0
google,Google Pixel 6,485.76,1740.64,40480.0,8.4,Yes,google,8.0,2.8,4614.0,Yes,30.0,8.0,128.0,6.4,90.0,2.0,android,50.0,8.0,No,2400.0,1080.0
huawei,Huawei Nova 10 SE,287.988,1031.96,23999.0,8.4,No,snapdragon,8.0,2.4,4500.0,Yes,66.0,8.0,256.0,6.67,90.0,3.0,android,108.0,16.0,Yes,2160.0,1080.0
huawei,Huawei Nova 9 SE,239.88,859.57,19990.0,8.4,No,snapdragon,8.0,2.4,4000.0,Yes,66.0,8.0,128.0,6.78,90.0,4.0,android,108.0,16.0,Yes,2388.0,1080.0
oneplus,OnePlus Ace 2,419.988,1504.96,34999.0,8.4,Yes,snapdragon,8.0,3.2,5000.0,Yes,100.0,8.0,128.0,6.7,120.0,3.0,android,50.0,16.0,No,2412.0,1080.0
oneplus,OnePlus Ace 5G,347.88,1246.57,28990.0,8.4,Yes,dimensity,8.0,2.85,4500.0,Yes,150.0,8.0,128.0,6.7,120.0,3.0,android,50.0,16.0,No,2412.0,1080.0
oneplus,OnePlus Nord 2T 5G,347.988,1246.96,28999.0,8.4,Yes,dimensity,8.0,3.0,4500.0,Yes,80.0,8.0,128.0,6.43,90.0,3.0,android,50.0,32.0,No,2400.0,1080.0
oneplus,OnePlus Nord 3 5G,335.988,1203.96,27999.0,8.4,Yes,dimensity,8.0,3.1,4200.0,Yes,120.0,8.0,128.0,6.43,90.0,3.0,android,50.0,32.0,No,2400.0,1080.0
oneplus,OnePlus Nord 3T 5G,359.88,1289.57,29990.0,8.4,Yes,dimensity,8.0,3.0,4500.0,Yes,80.0,8.0,128.0,6.43,90.0,3.0,android,50.0,32.0,No,2400.0,1080.0
oneplus,OnePlus Nord CE 2 Lite 5G (8GB RAM + 128GB),263.94,945.79,21995.0,8.4,Yes,snapdragon,8.0,2.2,5000.0,Yes,33.0,8.0,128.0,6.59,120.0,3.0,android,64.0,16.0,Yes,2412.0,1080.0
poco,Poco F5 Pro,359.988,1289.96,29999.0,8.4,Yes,snapdragon,8.0,3.2,5500.0,Yes,67.0,8.0,128.0,6.67,120.0,3.0,android,64.0,16.0,No,3200.0,1440.0
poco,Poco M6 Pro,239.88,859.57,19990.0,8.4,Yes,dimensity,8.0,2.5,5100.0,Yes,120.0,8.0,128.0,6.73,120.0,3.0,android,108.0,32.0,Yes,2400.0,1080.0
poco,POCO X4 GT 5G,299.88,1074.57,24990.0,8.4,Yes,dimensity,8.0,2.85,5080.0,Yes,67.0,8.0,128.0,6.6,144.0,3.0,android,64.0,16.0,No,2460.0,1080.0
poco,Poco X4 Pro 5G (8GB RAM + 128GB),215.988,773.96,17999.0,8.4,Yes,snapdragon,8.0,2.2,5000.0,Yes,67.0,8.0,128.0,6.67,120.0,3.0,android,64.0,16.0,Yes,2400.0,1080.0
poco,POCO X5 GT,359.88,1289.57,29990.0,8.4,Yes,dimensity,8.0,3.2,5000.0,Yes,80.0,8.0,128.0,6.7,144.0,3.0,android,64.0,32.0,No,2400.0,1080.0
apple,Apple iPhone 13 Pro,1438.8,5155.7,119900.0,8.3,Yes,bionic,6.0,3.22,3095.0,Yes,0.0,6.0,128.0,6.1,120.0,3.0,ios,12.0,12.0,No,2532.0,1170.0
apple,Apple iPhone 13 Pro (256GB),1558.8,5585.7,129900.0,8.3,Yes,bionic,6.0,3.22,3095.0,Yes,0.0,6.0,256.0,6.1,120.0,3.0,ios,12.0,12.0,No,2532.0,1170.0
apple,Apple iPhone 14 Plus (256GB),1019.988,3654.96,84999.0,8.3,Yes,bionic,6.0,3.22,4325.0,Yes,0.0,6.0,256.0,6.7,60.0,2.0,ios,12.0,12.0,No,2778.0,1284.0
apple,Apple iPhone 14 Plus (512GB),1259.988,4514.96,104999.0,8.3,Yes,bionic,6.0,3.22,4325.0,Yes,0.0,6.0,512.0,6.7,60.0,2.0,ios,12.0,12.0,No,2778.0,1284.0
huawei,Huawei Nova 9,359.88,1289.57,29990.0,8.3,No,snapdragon,8.0,2.4,4300.0,Yes,66.0,8.0,128.0,6.57,120.0,4.0,other,50.0,32.0,No,2340.0,1080.0
oneplus,OnePlus Ace Racing Edition 5G,275.88,988.57,22990.0,8.3,Yes,dimensity,8.0,2.85,5000.0,Yes,0.0,8.0,128.0,6.59,120.0,3.0,android,64.0,16.0,No,2412.0,1080.0
oneplus,OnePlus Nord 2 Lite 5G,275.988,988.96,22999.0,8.3,Yes,snapdragon,8.0,2.2,5000.0,Yes,33.0,8.0,128.0,6.59,120.0,3.0,android,64.0,16.0,Yes,2412.0,1080.0
oneplus,OnePlus Nord 4 5G,359.988,1289.96,29999.0,8.3,Yes,snapdragon,8.0,2.36,4500.0,Yes,80.0,8.0,128.0,6.43,120.0,3.0,android,50.0,32.0,No,2412.0,1080.0
oneplus,OnePlus Nord CE 3 5G,263.988,945.96,21999.0,8.3,Yes,snapdragon,8.0,2.2,5000.0,Yes,67.0,6.0,128.0,6.7,120.0,3.0,android,108.0,16.0,Yes,2412.0,1080.0
apple,Apple iPhone 14 (256GB),911.988,3267.96,75999.0,8.2,Yes,bionic,6.0,3.22,3279.0,Yes,0.0,6.0,256.0,6.1,60.0,2.0,ios,12.0,12.0,No,2532.0,1170.0
apple,Apple iPhone 14 (512GB),1151.988,4127.96,95999.0,8.2,Yes,bionic,6.0,3.22,3279.0,Yes,0.0,6.0,512.0,6.1,60.0,2.0,ios,12.0,12.0,No,2532.0,1170.0
apple,Apple iPhone 14 Plus,899.988,3224.96,74999.0,8.2,Yes,bionic,6.0,3.22,4325.0,Yes,0.0,6.0,128.0,6.7,60.0,2.0,ios,12.0,12.0,No,2778.0,1284.0
google,Google Pixel 5,432.0,1548.0,36000.0,8.2,Yes,snapdragon,8.0,2.4,4080.0,Yes,18.0,8.0,128.0,6.0,90.0,2.0,android,16.0,8.0,No,2340.0,1080.0
huawei,Huawei Nova 10,359.88,1289.57,29990.0,8.2,No,snapdragon,8.0,2.4,4000.0,Yes,66.0,8.0,128.0,6.67,120.0,3.0,other,50.0,60.0,No,2400.0,1080.0
huawei,Huawei Nova Y90,275.88,988.57,22990.0,8.2,No,snapdragon,8.0,2.4,5000.0,Yes,40.0,8.0,128.0,6.7,90.0,4.0,other,50.0,8.0,Yes,2388.0,1080.0
poco,Poco F4 5G,311.988,1117.96,25999.0,8.2,Yes,snapdragon,8.0,3.2,4500.0,Yes,67.0,6.0,128.0,6.67,120.0,3.0,android,64.0,20.0,No,2400.0,1080.0
poco,Poco M4 Pro 5G (8GB RAM + 128GB),191.988,687.96,15999.0,8.2,Yes,dimensity,8.0,2.4,5000.0,Yes,33.0,8.0,128.0,6.6,90.0,2.0,android,50.0,16.0,Yes,2400.0,1080.0
poco,Poco X3 Pro,235.8,844.95,19650.0,8.2,No,snapdragon,8.0,2.96,5160.0,Yes,33.0,6.0,128.0,6.67,120.0,4.0,android,48.0,20.0,Yes,2400.0,1080.0
poco,Poco X4 Pro 5G (6GB RAM + 128GB),197.988,709.46,16499.0,8.2,Yes,snapdragon,8.0,2.2,5000.0,Yes,67.0,6.0,128.0,6.67,120.0,3.0,android,64.0,16.0,Yes,2400.0,1080.0
apple,Apple iPhone 14,791.988,2837.96,65999.0,8.1,Yes,bionic,6.0,3.22,3279.0,Yes,0.0,6.0,128.0,6.1,60.0,2.0,ios,12.0,12.0,No,2532.0,1170.0
huawei,Huawei Mate 50 RS Porsche Design,2879.9880000000003,10319.96,239999.0,8.1,No,snapdragon,8.0,3.2,4700.0,Yes,66.0,12.0,512.0,6.74,120.0,3.0,other,50.0,13.0,Yes,2616.0,1212.0
huawei,Huawei Nova 7i,263.88,945.57,21990.0,8.1,No,kirin,8.0,2.2,4200.0,Yes,40.0,8.0,128.0,6.4,60.0,4.0,android,48.0,16.0,Yes,2340.0,1080.0
oneplus,OnePlus Nord CE 2 Lite 5G,239.868,859.53,19989.0,8.1,Yes,snapdragon,8.0,2.2,5000.0,Yes,33.0,6.0,128.0,6.59,120.0,3.0,android,64.0,16.0,Yes,2412.0,1080.0
oneplus,OnePlus Nord CE 3 Lite 5G,227.988,816.96,18999.0,8.1,Yes,snapdragon,8.0,2.2,5000.0,Yes,33.0,6.0,128.0,6.59,120.0,3.0,android,50.0,16.0,Yes,2412.0,1080.0
oneplus,OnePlus Nord N10,307.14,1100.59,25595.0,8.1,Yes,snapdragon,8.0,2.0,4300.0,Yes,30.0,6.0,128.0,6.49,90.0,4.0,android,64.0,16.0,Yes,2400.0,1080.0
oneplus,OnePlus Nord N20 5G,251.88,902.57,20990.0,8.1,Yes,snapdragon,8.0,2.2,4500.0,Yes,33.0,6.0,128.0,6.43,60.0,3.0,android,64.0,16.0,Yes,2400.0,1080.0
poco,POCO M4 Pro 4G (8GB RAM + 128GB),167.988,601.96,13999.0,8.1,No,helio,8.0,2.05,5000.0,Yes,33.0,8.0,128.0,6.43,90.0,3.0,android,64.0,16.0,Yes,2400.0,1080.0
poco,Poco M4 Pro 5G (6GB RAM + 128GB),179.988,644.96,14999.0,8.1,Yes,dimensity,8.0,2.4,5000.0,Yes,33.0,6.0,128.0,6.6,90.0,2.0,android,50.0,16.0,Yes,2400.0,1080.0
poco,Poco X5 Pro,251.988,902.96,20999.0,8.1,Yes,snapdragon,8.0,2.4,5000.0,Yes,67.0,6.0,128.0,6.67,120.0,3.0,android,108.0,16.0,No,2400.0,1080.0
apple,Apple iPhone 12 Pro (256GB),1438.8,5155.7,119900.0,8.0,Yes,bionic,6.0,3.1,0.0,No,0.0,6.0,256.0,6.1,60.0,3.0,ios,12.0,12.0,No,2532.0,1170.0
apple,Apple iPhone 12 Pro (512GB),1678.8,6015.7,139900.0,8.0,Yes,bionic,6.0,3.1,0.0,No,0.0,6.0,512.0,6.1,60.0,3.0,ios,12.0,12.0,No,2532.0,1170.0
apple,Apple iPhone 13 (512GB),1103.988,3955.96,91999.0,8.0,Yes,bionic,6.0,3.22,3240.0,Yes,0.0,4.0,512.0,6.1,60.0,2.0,ios,12.0,12.0,No,2532.0,1170.0
google,Google Pixel 8 Pro,851.88,3052.57,70990.0,8.0,Yes,google,8.0,0.0,5000.0,Yes,67.0,12.0,256.0,6.73,120.0,3.0,android,50.0,12.0,No,3120.0,1440.0
poco,Poco X3,161.988,580.46,13499.0,8.0,No,snapdragon,8.0,2.3,6000.0,Yes,33.0,6.0,64.0,6.67,120.0,4.0,android,64.0,20.0,Yes,2400.0,1080.0
poco,Poco X4 Pro 5G,179.988,644.96,14999.0,8.0,Yes,snapdragon,8.0,2.2,5000.0,Yes,67.0,6.0,64.0,6.67,120.0,3.0,android,64.0,16.0,Yes,2400.0,1080.0
apple,Apple iPhone 13,755.988,2708.96,62999.0,7.9,Yes,bionic,6.0,3.22,3240.0,Yes,0.0,4.0,128.0,6.1,60.0,2.0,ios,12.0,12.0,No,2532.0,1170.0
apple,Apple iPhone 13 (256GB),875.988,3138.96,72999.0,7.9,Yes,bionic,6.0,3.22,3240.0,Yes,0.0,4.0,256.0,6.1,60.0,2.0,ios,12.0,12.0,No,2532.0,1170.0
apple,Apple iPhone 13 Mini,778.8000000000001,2790.7,64900.0,7.9,Yes,bionic,6.0,3.22,2438.0,Yes,0.0,4.0,128.0,5.4,60.0,2.0,ios,12.0,12.0,No,2340.0,1080.0
apple,Apple iPhone 15 Pro Max,1715.88,6148.57,142990.0,7.9,Yes,bionic,0.0,0.0,4352.0,Yes,25.0,8.0,256.0,6.68,120.0,3.0,ios,50.0,12.0,No,2778.0,1284.0
apple,Apple iPhone 15 Ultra,1798.8,6445.7,149900.0,7.9,Yes,bionic,8.0,0.0,4700.0,Yes,0.0,8.0,128.0,6.73,120.0,3.0,ios,48.0,12.0,No,2796.0,1290.0
oneplus,OnePlus Z,299.988,1074.96,24999.0,7.9,No,snapdragon,8.0,2.4,4300.0,Yes,30.0,8.0,128.0,6.55,90.0,3.0,android,64.0,16.0,No,2400.0,1080.0
poco,Poco F3 GT,395.988,1418.96,32999.0,7.9,Yes,dimensity,8.0,3.0,5065.0,Yes,67.0,6.0,128.0,6.67,120.0,3.0,android,64.0,16.0,No,2400.0,1080.0
poco,POCO M3 Pro 5G (6GB RAM + 128GB),177.588,636.36,14799.0,7.9,Yes,dimensity,8.0,2.2,5000.0,Yes,18.0,6.0,128.0,6.5,90.0,3.0,android,48.0,8.0,Yes,2400.0,1080.0
poco,Poco M4 5G (6GB RAM + 128GB),161.988,580.46,13499.0,7.9,Yes,dimensity,8.0,2.2,5000.0,Yes,18.0,6.0,128.0,6.58,90.0,2.0,android,50.0,8.0,Yes,2400.0,1080.0
poco,POCO M4 Pro 4G (6GB RAM + 128GB),155.988,558.96,12999.0,7.9,No,helio,8.0,2.05,5000.0,Yes,33.0,6.0,128.0,6.43,90.0,3.0,android,64.0,16.0,Yes,2400.0,1080.0
poco,Poco X4,179.88,644.57,14990.0,7.9,Yes,dimensity,8.0,2.2,5000.0,Yes,67.0,6.0,128.0,6.67,120.0,3.0,android,50.0,16.0,Yes,2400.0,1080.0
apple,Apple iPhone 14 Pro Max (1TB),2195.988,7868.96,182999.0,7.8,Yes,bionic,6.0,0.0,4323.0,Yes,0.0,6.0,1024.0,6.7,120.0,3.0,ios,48.0,12.0,No,2796.0,1290.0
apple,Apple iPhone 14 Pro Max (512GB),2038.8,7305.7,169900.0,7.8,Yes,bionic,6.0,0.0,4323.0,Yes,0.0,6.0,512.0,6.7,120.0,3.0,ios,48.0,12.0,No,2796.0,1290.0
google,Google Pixel 4,241.44,865.16,20120.0,7.8,No,snapdragon,8.0,2.8,2800.0,Yes,0.0,6.0,64.0,5.7,60.0,2.0,android,16.0,8.0,No,2280.0,1080.0
google,Google Pixel 5A,395.988,1418.96,32999.0,7.8,Yes,snapdragon,8.0,2.4,4620.0,Yes,18.0,6.0,128.0,6.34,60.0,2.0,android,16.0,8.0,No,2400.0,1080.0
apple,Apple iPhone 11 Pro Max,1318.8,4725.7,109900.0,7.7,No,bionic,6.0,2.65,3500.0,Yes,18.0,4.0,64.0,6.5,60.0,3.0,ios,12.0,12.0,No,2688.0,1242.0
apple,Apple iPhone 14 Pro (1TB),2075.988,7438.96,172999.0,7.7,Yes,bionic,6.0,0.0,3200.0,Yes,0.0,6.0,1024.0,6.1,120.0,3.0,ios,48.0,12.0,No,2556.0,1179.0
apple,Apple iPhone 14 Pro Max (256GB),1679.88,6019.57,139990.0,7.7,Yes,bionic,6.0,0.0,4323.0,Yes,0.0,6.0,256.0,6.7,120.0,3.0,ios,48.0,12.0,No,2796.0,1290.0
oneplus,OnePlus 6 (8GB RAM + 128GB),335.988,1203.96,27999.0,7.7,No,snapdragon,8.0,2.8,3300.0,No,0.0,8.0,128.0,6.28,60.0,2.0,android,20.0,16.0,No,2280.0,1080.0
oneplus,OnePlus Nord Lite,239.988,859.96,19999.0,7.7,No,snapdragon,8.0,2.0,4300.0,Yes,30.0,8.0,128.0,6.55,90.0,3.0,android,48.0,16.0,No,2400.0,1080.0
poco,POCO M4 Pro 4G,143.988,515.96,11999.0,7.7,No,helio,8.0,2.05,5000.0,Yes,33.0,6.0,64.0,6.43,90.0,3.0,android,64.0,16.0,Yes,2400.0,1080.0
poco,Poco M5 (6GB RAM + 128GB),173.988,623.46,14499.0,7.7,No,helio,8.0,2.2,5000.0,Yes,18.0,6.0,128.0,6.58,90.0,3.0,android,50.0,8.0,Yes,2400.0,1080.0
apple,Apple iPhone 12 (256GB),815.988,2923.96,67999.0,7.6,Yes,bionic,6.0,3.1,0.0,No,0.0,4.0,256.0,6.1,60.0,2.0,ios,12.0,12.0,No,2532.0,1170.0
apple,Apple iPhone 14 Pro (256GB),1559.88,5589.57,129990.0,7.6,Yes,bionic,6.0,0.0,3200.0,Yes,0.0,6.0,256.0,6.1,120.0,3.0,ios,48.0,12.0,No,2556.0,1179.0
apple,Apple iPhone 14 Pro Max,1559.88,5589.57,129990.0,7.6,Yes,bionic,6.0,0.0,4323.0,Yes,0.0,6.0,128.0,6.7,120.0,3.0,ios,48.0,12.0,No,2796.0,1290.0
oneplus,OnePlus Nord 5,419.988,1504.96,34999.0,7.6,Yes,dimensity,8.0,0.0,5000.0,Yes,120.0,8.0,128.0,6.57,120.0,3.0,android,64.0,32.0,No,2400.0,1080.0
poco,POCO M2 Pro,153.588,550.36,12799.0,7.6,No,snapdragon,8.0,2.3,5000.0,Yes,33.0,4.0,64.0,6.67,60.0,4.0,android,48.0,16.0,Yes,2400.0,1080.0
poco,Poco M4 Pro 5G,155.988,558.96,12999.0,7.6,Yes,dimensity,8.0,2.4,5000.0,Yes,33.0,4.0,64.0,6.6,90.0,2.0,android,50.0,16.0,Yes,2400.0,1080.0
apple,Apple iPhone 11 (128GB),563.988,2020.96,46999.0,7.5,No,bionic,6.0,2.65,3110.0,No,0.0,4.0,128.0,6.1,60.0,2.0,ios,12.0,12.0,No,1792.0,828.0
apple,Apple iPhone 12 (128GB),671.988,2407.96,55999.0,7.5,Yes,bionic,6.0,3.1,0.0,No,0.0,4.0,128.0,6.1,60.0,2.0,ios,12.0,12.0,No,2532.0,1170.0
apple,Apple iPhone 12 Mini (128GB),551.988,1977.96,45999.0,7.5,Yes,bionic,6.0,3.1,0.0,No,0.0,4.0,128.0,5.4,60.0,2.0,ios,12.0,12.0,No,2340.0,1080.0
apple,Apple iPhone 12 Mini (256GB),671.988,2407.96,55999.0,7.5,Yes,bionic,6.0,3.1,0.0,No,0.0,4.0,256.0,5.4,60.0,2.0,ios,12.0,12.0,No,2340.0,1080.0
apple,Apple iPhone 14 Pro,1439.88,5159.57,119990.0,7.5,Yes,bionic,6.0,0.0,3200.0,Yes,0.0,6.0,128.0,6.1,120.0,3.0,ios,48.0,12.0,No,2556.0,1179.0
apple,Apple iPhone 15 Plus,1019.88,3654.57,84990.0,7.5,Yes,bionic,6.0,0.0,4532.0,Yes,0.0,8.0,128.0,6.71,120.0,2.0,ios,12.0,12.0,No,2778.0,1284.0
apple,Apple iPhone 15 Pro,1571.88,5632.57,130990.0,7.5,Yes,bionic,0.0,0.0,0.0,No,0.0,8.0,128.0,6.06,120.0,3.0,ios,50.0,12.0,No,2532.0,1170.0
google,Google Pixel 8,647.88,2321.57,53990.0,7.5,Yes,google,8.0,0.0,4830.0,Yes,67.0,8.0,128.0,6.6,120.0,2.0,android,50.0,10.0,No,2400.0,1080.0
oneplus,OnePlus Nord N200,203.88,730.57,16990.0,7.5,Yes,snapdragon,8.0,2.0,5000.0,Yes,18.0,4.0,64.0,6.49,90.0,3.0,android,13.0,16.0,Yes,2400.0,1080.0
oneplus,OnePlus Nord N300,227.88,816.57,18990.0,7.5,Yes,dimensity,8.0,2.4,5000.0,Yes,33.0,4.0,64.0,6.56,90.0,2.0,android,48.0,16.0,Yes,1612.0,720.0
poco,Poco M3,137.988,494.46,11499.0,7.5,No,snapdragon,8.0,2.0,6000.0,Yes,18.0,6.0,64.0,6.53,60.0,3.0,android,48.0,8.0,Yes,2340.0,1080.0
poco,POCO M3 Pro 5G,191.988,687.96,15999.0,7.5,Yes,dimensity,8.0,2.2,5000.0,Yes,18.0,4.0,64.0,6.5,90.0,3.0,android,48.0,8.0,Yes,2400.0,1080.0
poco,Poco M4 5G,137.988,494.46,11499.0,7.5,Yes,dimensity,8.0,2.2,5000.0,Yes,18.0,4.0,64.0,6.58,90.0,2.0,android,50.0,8.0,Yes,2400.0,1080.0
apple,Apple iPhone 12,623.988,2235.96,51999.0,7.4,Yes,bionic,6.0,3.1,0.0,No,0.0,4.0,64.0,6.1,60.0,2.0,ios,12.0,12.0,No,2532.0,1170.0
apple,Apple iPhone 12 Mini,491.988,1762.96,40999.0,7.4,Yes,bionic,6.0,3.1,0.0,No,0.0,4.0,64.0,5.4,60.0,2.0,ios,12.0,12.0,No,2340.0,1080.0
poco,Poco M2,130.68,468.27,10890.0,7.4,No,helio,8.0,2.0,5000.0,Yes,18.0,6.0,64.0,6.53,60.0,4.0,android,13.0,8.0,Yes,2340.0,1080.0
poco,Poco M5,129.588,464.36,10799.0,7.4,No,helio,8.0,2.2,5000.0,Yes,18.0,4.0,64.0,6.58,90.0,3.0,android,50.0,8.0,Yes,2400.0,1080.0
poco,Poco X5,179.988,644.96,14999.0,7.4,Yes,snapdragon,8.0,2.2,5000.0,Yes,33.0,4.0,128.0,6.67,120.0,3.0,android,48.0,8.0,No,2400.0,1080.0
apple,Apple iPhone 11,467.988,1676.96,38999.0,7.3,No,bionic,6.0,2.65,3110.0,No,0.0,4.0,64.0,6.1,60.0,2.0,ios,12.0,12.0,No,1792.0,828.0
oneplus,OnePlus Nord SE,239.988,859.96,19999.0,7.3,No,snapdragon,8.0,2.0,4500.0,Yes,65.0,4.0,64.0,6.3,60.0,4.0,android,48.0,13.0,Yes,2400.0,1080.0
apple,Apple iPhone 15,995.88,3568.57,82990.0,7.2,No,bionic,0.0,0.0,3285.0,Yes,0.0,6.0,128.0,6.06,60.0,2.0,ios,50.0,13.0,No,2532.0,1170.0
poco,Poco X6 Pro 5G,239.988,859.96,19999.0,7.2,Yes,snapdragon,8.0,0.0,5000.0,Yes,0.0,6.0,128.0,6.67,120.0,4.0,android,64.0,32.0,Yes,2400.0,1080.0
google,Google Pixel 6A,359.988,1289.96,29999.0,7.1,Yes,google,8.0,0.0,4410.0,Yes,0.0,6.0,128.0,6.14,60.0,2.0,android,0.0,8.0,No,2400.0,1080.0
apple,Apple iPhone 14 Mini,839.88,3009.57,69990.0,7.0,No,bionic,0.0,0.0,3500.0,Yes,0.0,6.0,128.0,5.42,60.0,2.0,ios,12.0,12.0,No,2340.0,1080.0
poco,Poco C55,95.988,343.96,7999.0,7.0,No,helio,8.0,2.0,5000.0,No,0.0,4.0,64.0,6.71,60.0,2.0,android,50.0,5.0,Yes,1650.0,720.0
google,Google Pixel 2 XL,191.88,687.57,15990.0,6.9,No,snapdragon,8.0,2.35,3520.0,Yes,0.0,4.0,128.0,6.0,60.0,1.0,android,0.0,8.0,No,2880.0,1440.0
google,Google Pixel 7A,419.88,1504.57,34990.0,6.9,Yes,google,8.0,0.0,4410.0,Yes,0.0,6.0,128.0,6.1,90.0,2.0,android,0.0,8.0,No,2400.0,1080.0
oneplus,OnePlus Clover,179.988,644.96,14999.0,6.9,No,snapdragon,8.0,1.8,6000.0,Yes,18.0,4.0,64.0,6.52,60.0,3.0,android,13.0,8.0,Yes,1560.0,720.0
oneplus,OnePlus Nord N100,203.88,730.57,16990.0,6.8,No,snapdragon,8.0,1.8,5000.0,Yes,18.0,4.0,64.0,6.52,90.0,3.0,android,13.0,8.0,Yes,1600.0,720.0
poco,POCO C31 (4GB RAM + 64GB),89.988,322.46,7499.0,6.8,No,helio,8.0,2.3,5000.0,No,0.0,4.0,64.0,6.53,60.0,3.0,android,13.0,5.0,Yes,1600.0,720.0
google,Google Pixel 3a XL,191.988,687.96,15999.0,6.7,No,snapdragon,8.0,2.0,3700.0,Yes,18.0,4.0,64.0,6.0,60.0,1.0,android,0.0,8.0,No,2160.0,1080.0
huawei,Huawei Honor 9N,131.388,470.81,10949.0,6.6,No,kirin,8.0,2.36,3000.0,No,0.0,4.0,64.0,5.84,60.0,2.0,android,13.0,16.0,Yes,2280.0,1080.0
poco,POCO C31,77.988,279.46,6499.0,6.5,No,helio,8.0,2.3,5000.0,No,0.0,3.0,32.0,6.53,60.0,3.0,android,13.0,5.0,Yes,1600.0,720.0
apple,Apple iPhone SE 2020,478.8,1715.7,39900.0,6.3,No,bionic,6.0,2.65,1821.0,Yes,18.0,3.0,64.0,4.7,60.0,1.0,ios,12.0,7.0,No,1334.0,750.0
huawei,Huawei Nova Y61,263.88,945.57,21990.0,6.3,No,,8.0,0.0,5000.0,Yes,22.0,4.0,64.0,6.52,60.0,3.0,other,50.0,5.0,Yes,1600.0,720.0
apple,Apple iPhone 9,359.88,1289.57,29990.0,6.1,No,bionic,6.0,2.65,2050.0,Yes,0.0,3.0,64.0,4.7,60.0,1.0,ios,12.0,7.0,No,1334.0,750.0
poco,Poco C50 (3GB RAM + 32GB),87.58800000000001,313.86,7299.0,6.1,No,helio,4.0,2.0,5000.0,Yes,10.0,3.0,32.0,6.52,60.0,2.0,android,8.0,5.0,Yes,1600.0,720.0
apple,Apple iPhone SE 4,599.88,2149.57,49990.0,6.0,Yes,bionic,6.0,3.22,0.0,No,0.0,4.0,64.0,6.1,60.0,1.0,ios,12.0,11.0,No,1580.0,750.0
apple,Apple iPhone XR2,863.988,3095.96,71999.0,6.0,No,bionic,0.0,0.0,3060.0,Yes,0.0,4.0,64.0,6.1,60.0,2.0,ios,12.0,7.0,No,1792.0,828.0
apple,Apple iPhone 7s,635.88,2278.57,52990.0,0.0,No,fusion,4.0,2.37,2230.0,No,0.0,3.0,32.0,4.7,60.0,1.0,ios,13.0,7.0,No,1334.0,750.0
apple,Apple iPhone SE 3 2022,526.8,1887.7,43900.0,0.0,Yes,bionic,6.0,3.22,0.0,No,0.0,4.0,64.0,4.7,60.0,1.0,ios,12.0,7.0,No,1334.0,750.0
asus,Asus ROG Phone 6D Ultimate,1295.88,4643.57,107990.0,0.0,Yes,dimensity,8.0,3.2,6000.0,Yes,65.0,16.0,512.0,6.78,165.0,3.0,,50.0,12.0,No,2448.0,1080.0
google,Google Pixel 6 Pro (12GB RAM + 256GB),956.4,3427.1,79700.0,0.0,Yes,google,8.0,2.8,5003.0,Yes,30.0,12.0,256.0,6.71,120.0,3.0,android,50.0,11.0,No,3120.0,1440.0
google,Google Pixel 7 Pro 5G,983.988,3525.96,81999.0,0.0,Yes,google,8.0,2.85,5000.0,Yes,30.0,12.0,128.0,6.7,120.0,3.0,android,50.0,11.0,No,3120.0,1440.0
huawei,Huawei Mate 30 RS Porsche Design,2579.88,9244.57,214990.0,0.0,Yes,kirin,8.0,2.86,4500.0,Yes,0.0,12.0,512.0,6.53,60.0,4.0,android,40.0,32.0,Yes,2400.0,1176.0
huawei,Huawei Mate 40 Pro 4G,839.88,3009.57,69990.0,0.0,No,kirin,8.0,3.13,4400.0,Yes,66.0,8.0,128.0,6.76,90.0,3.0,other,50.0,13.0,Yes,2772.0,1344.0
huawei,Huawei Mate X,2028.0,7267.0,169000.0,0.0,Yes,kirin,8.0,2.86,4500.0,Yes,55.0,8.0,512.0,8.0,60.0,4.0,,48.0,0.0,No,2480.0,2200.0
huawei,Huawei P40 Pro,995.88,3568.57,82990.0,0.0,Yes,kirin,8.0,2.86,4200.0,Yes,40.0,8.0,256.0,6.58,90.0,4.0,android,50.0,32.0,Yes,2640.0,1200.0
huawei,Huawei P50 Pro 4G,731.988,2622.96,60999.0,0.0,No,snapdragon,8.0,2.84,4360.0,Yes,66.0,8.0,256.0,6.6,120.0,4.0,other,50.0,13.0,Yes,2700.0,1288.0
oneplus,OnePlus 10 Pro 5G (12GB RAM + 256GB),785.988,2816.46,65499.0,0.0,Yes,snapdragon,8.0,3.0,5000.0,Yes,80.0,12.0,256.0,6.7,120.0,3.0,android,50.0,32.0,No,3216.0,1440.0
oneplus,OnePlus 10 Pro 5G (12GB RAM + 512GB),899.988,3224.96,74999.0,0.0,Yes,snapdragon,8.0,3.0,5000.0,Yes,80.0,12.0,512.0,6.7,120.0,3.0,android,50.0,32.0,No,3216.0,1440.0
oneplus,OnePlus 11 Pro,839.988,3009.96,69999.0,0.0,Yes,snapdragon,8.0,3.2,4500.0,Yes,100.0,8.0,128.0,6.7,120.0,3.0,android,50.0,16.0,No,3216.0,1440.0
oneplus,OnePlus 12 Pro,839.988,3009.96,69999.0,0.0,Yes,snapdragon,8.0,3.2,4800.0,Yes,150.0,12.0,256.0,6.73,144.0,3.0,android,108.0,32.0,No,3412.0,1440.0
poco,Poco C50,77.988,279.46,6499.0,0.0,No,helio,4.0,2.0,5000.0,Yes,10.0,2.0,32.0,6.52,60.0,2.0,android,8.0,5.0,Yes,1600.0,720.0
samsung,Samsung Galaxy A01 Core,59.988,214.96,4999.0,0.0,No,mediatek,4.0,1.5,3000.0,No,0.0,1.0,16.0,5.3,60.0,1.0,android,8.0,5.0,Yes,1480.0,720.0
samsung,Samsung Galaxy A03 Core,77.988,279.46,6499.0,0.0,No,unisoc,4.0,1.6,5000.0,No,0.0,2.0,32.0,6.5,60.0,1.0,android,8.0,5.0,Yes,1600.0,720.0
samsung,Samsung Galaxy A73 5G,503.988,1805.96,41999.0,0.0,Yes,snapdragon,8.0,2.4,5000.0,Yes,25.0,8.0,128.0,6.7,120.0,4.0,android,108.0,32.0,Yes,2400.0,1080.0
,,0.0,0.0,,,,,,,,,,,,,,,,,,,,
